iteration;bike;car;freight;pt;ride;walk
0;0.16639387481600282;0.2619186238108838;0.030213985983259;0.2125579453830437;0.064223257244546;0.2646923127622646
1;0.16176373662587604;0.25216402662741394;0.030213985983259;0.2055715446975855;0.07933299646286003;0.27095370960300547
2;0.1599072873871301;0.2447931542061208;0.030213985983259;0.20299558406749127;0.08846694641562493;0.2736230419403739
3;0.15870444009930357;0.23979502164026628;0.030213985983259;0.2003097743700156;0.09702418876463739;0.2739525891425182
4;0.1594678911176044;0.23217698881736495;0.030213985983259;0.20040863853065888;0.102494672320232;0.27523782323088075
5;0.15827602873651603;0.22940329986598415;0.030213985983259;0.1992717006832612;0.10677329349473823;0.2760616912362414
6;0.15723795504976162;0.22694268075664037;0.030213985983259;0.19956280071182195;0.11105740712261353;0.27498517037590353
7;0.15657336819210405;0.2228398180899444;0.030213985983259;0.19995825735439507;0.11282597710745436;0.27758859327284313
8;0.1581881494826109;0.21951139134828745;0.030213985983259;0.1992936704967375;0.11461651690577147;0.2781762857833337
9;0.15832546081683765;0.21667728540984688;0.030213985983259;0.20067776874574336;0.11734626623019971;0.2767592328141134
10;0.15806182305512226;0.21491420787837512;0.030213985983259;0.2031219104949799;0.11695630204099568;0.27673177054726805
11;0.15886372124700662;0.2131016982665817;0.030213985983259;0.2023694443834172;0.11949381549750643;0.27595733462222904
12;0.1612584309159215;0.20919107146780325;0.030213985983259;0.20361623129819628;0.120855943933036;0.2748643364017839
13;0.16083551200650306;0.20575828811213392;0.030213985983259;0.20458839554452182;0.12272887053188919;0.275874947821693
14;0.16324120658215613;0.2045005162906167;0.030213985983259;0.20444559175692598;0.12214667047476767;0.27545202891227455
15;0.1635817386910385;0.20307247841465825;0.030213985983259;0.2070105674802821;0.12070215523870202;0.27541907419206013
16;0.16323571412878704;0.200650306478898;0.030213985983259;0.2084990223433003;0.12055935145110618;0.2768416196146495
17;0.16586110683920294;0.19796449678142233;0.030213985983259;0.21005887910011645;0.11956521739130435;0.27633631390469493
18;0.16621262385482347;0.19769536656633785;0.030213985983259;0.20942175450930423;0.1206307533449041;0.2758255157413714
19;0.1677889579717468;0.1962892985038557;0.030213985983259;0.20967440736428147;0.12197640442032646;0.2740569457565305
20;0.16743194850275722;0.1958389173275919;0.030213985983259;0.2109321791857987;0.12187204780631412;0.27371092119427903
21;0.1689808203528352;0.19337280576487906;0.030213985983259;0.21228881516795922;0.12087242129314323;0.2742711514379243
22;0.16979919590482676;0.19014873563723445;0.030213985983259;0.2131016982665817;0.12187204780631412;0.2748643364017839
23;0.1705296922029132;0.18819891469121428;0.030213985983259;0.21346420018894038;0.12135575718962147;0.2762374497440517
24;0.17292989432519718;0.18647977678669508;0.030213985983259;0.21463958520992157;0.1198947645934486;0.27584199310147856
25;0.17346266230199706;0.18620515411824154;0.030213985983259;0.21577652305731923;0.12022431179559286;0.27411736274359033
26;0.1735834962761166;0.1840630973043039;0.030213985983259;0.21621591932684492;0.12125689302897819;0.2746666080804974
27;0.17407232462596392;0.18398071050376782;0.030213985983259;0.21592481929828417;0.11982336269965067;0.2759847968890744
28;0.17423709822703606;0.18350286706065866;0.030213985983259;0.21634224575433356;0.12001010611419909;0.27569369686051365
29;0.1739075510248918;0.18197047257068788;0.030213985983259;0.21796801195157853;0.11957070984467341;0.27636926862490935
30;0.17491816244480085;0.18050947997451502;0.030213985983259;0.2188962365709515;0.1193290418964343;0.2761330931300393
31;0.1756596436496254;0.18084451963002834;0.030213985983259;0.22057143484851813;0.11775820023288003;0.27495221565568906
32;0.1760605927455676;0.17843882505437528;0.030213985983259;0.22058791220862534;0.11828547575631083;0.27641320825186194
33;0.1770931739789529;0.1779280268910517;0.030213985983259;0.2216369708021179;0.11763736625876046;0.275490476085858
34;0.17791154953094448;0.1776479117692291;0.030213985983259;0.2209943537579366;0.11747808511105741;0.2757541138475734
35;0.1778895797174682;0.17539600588791002;0.030213985983259;0.22224663312608475;0.1178021398598326;0.2764516554254454
36;0.17904299492497308;0.17457213788254938;0.030213985983259;0.2232792143594701;0.11724190961618736;0.2756497572335611
37;0.18105872531142211;0.17476437375046686;0.030213985983259;0.2229386822505877;0.11615440384911133;0.27486982885515304
38;0.17957576290177296;0.17285849243139925;0.030213985983259;0.22452050882088012;0.11730232660324715;0.2755289232594415
39;0.18144319704725706;0.17171056967726345;0.030213985983259;0.2238778917766988;0.1169508095876266;0.2758035459278951
40;0.18057538941494386;0.17252345277588593;0.030213985983259;0.2241085748181998;0.11591822835424127;0.27666036865347016
41;0.18105323285805303;0.17243008106861174;0.030213985983259;0.22611881275127974;0.11531405848364347;0.27486982885515304
42;0.1825691499879166;0.1710020431926533;0.030213985983259;0.2250697541577872;0.11590724344750312;0.27523782323088075
43;0.18150361403431686;0.17113935452688006;0.030213985983259;0.2259760089636839;0.11470988861304568;0.27645714787881454
44;0.18002614407803677;0.17020563745413803;0.030213985983259;0.2267833996089373;0.11628622272996902;0.27648461014565984
45;0.18258013489465474;0.16879956939165586;0.030213985983259;0.2276347298811433;0.11536898301733418;0.2754025968319529
46;0.18148164422084057;0.16934881472856295;0.030213985983259;0.22719533361161764;0.11668717182591119;0.27507304962980866
47;0.18203638201111672;0.16761319946393655;0.030213985983259;0.2282059450315267;0.11503943581518992;0.27689105169497114
48;0.1824208537469517;0.16687721071248104;0.030213985983259;0.22839818089944416;0.11569853021947844;0.27639123843838564
49;0.18289869719006085;0.16601489553353693;0.030213985983259;0.22956807346705627;0.11574796229980007;0.27555638552628686
50;0.18283828020300108;0.1662071314014544;0.030213985983259;0.2296175055473779;0.1151382999758332;0.2759847968890744
51;0.1847221917085924;0.1660533427071204;0.030213985983259;0.2304853131796911;0.11391348287453039;0.2746116835468067
52;0.1826460443350836;0.1663224729222049;0.030213985983259;0.23062811696728694;0.11529758112353626;0.2748917986686293
53;0.18465078981479446;0.1655480369971659;0.030213985983259;0.23149592459960014;0.1130237054287409;0.27506755717643955
54;0.18370059538194522;0.16524595206186699;0.030213985983259;0.23151240195970738;0.11398488476832831;0.2753421798448931
55;0.18433771997275744;0.1648285256058176;0.030213985983259;0.2325230133796164;0.11322692620339653;0.27486982885515304
56;0.1843651822396028;0.1634718896236571;0.030213985983259;0.23233077751169892;0.11399037722169739;0.2756277874200848
57;0.1845903728277347;0.1626590065250346;0.030213985983259;0.23242414921897314;0.11326537337698003;0.27684711206801854
58;0.185079201177582;0.1633785179163829;0.030213985983259;0.2327152492475339;0.11431992442384165;0.2742931212514006
59;0.18468923698837797;0.16155502339785136;0.030213985983259;0.23375881538765736;0.11389700551442318;0.27588593272843115
60;0.1846068501878419;0.1621152536414966;0.030213985983259;0.23357207197310895;0.11425950743678186;0.2752323307775117
61;0.18461234264121099;0.1612639233692906;0.030213985983259;0.23424215128413559;0.11396291495485203;0.27570468176725177
62;0.1850407540039985;0.16114308939517102;0.030213985983259;0.23499461739569832;0.11309510732253883;0.2755124458993343
63;0.1842882878924358;0.16246677065711712;0.030213985983259;0.23433003053804075;0.11247995254520289;0.27622097238394444
64;0.18529889931234483;0.16095085352725355;0.030213985983259;0.23542852121185492;0.11343014697805216;0.27467759298723554
65;0.18648526924006414;0.1603192213898104;0.030213985983259;0.23481336643451897;0.11167805435331854;0.27649010259902895
66;0.1850627238174748;0.16046751763077532;0.030213985983259;0.23626337412395368;0.11143638640507943;0.2765560120394578
67;0.18469472944174703;0.16067073840543095;0.030213985983259;0.2367686798339082;0.11248544499857197;0.27516642133708286
68;0.1851725728848562;0.15976448359953424;0.030213985983259;0.236675308126634;0.11267218841312038;0.27550146099259615
69;0.18409055957114925;0.16009952325504756;0.030213985983259;0.23655447415251443;0.11340817716457588;0.2756332798734539
70;0.18597996353010962;0.15996770437418986;0.030213985983259;0.23691148362150405;0.11182085814091439;0.2751060043500231
71;0.1863644352659446;0.15806731550849135;0.030213985983259;0.23743326669156578;0.11290836390799042;0.2750126326427489
72;0.18780345804864118;0.15808928532196762;0.030213985983259;0.23716413647648132;0.1109310806951249;0.275798053474526
73;0.1870839466572929;0.1587154250060417;0.030213985983259;0.23651053452556187;0.11129358261748358;0.27618252521036096
74;0.18555704462069117;0.15844080233758814;0.030213985983259;0.23902607816859636;0.11074433728057649;0.2760177516092888
75;0.18604587297053848;0.15613397192257839;0.030213985983259;0.2390919876090252;0.11140892413823407;0.2771052573763649
76;0.18523848232528506;0.1567381417931762;0.030213985983259;0.23811982336269966;0.11234813366434519;0.2773414328712349
77;0.18690269569611354;0.1570731814486895;0.030213985983259;0.23910297251576335;0.11174945624711646;0.2749577081090582
78;0.18540325592635717;0.15727090976997604;0.030213985983259;0.23904804798207263;0.11209548080936793;0.2759683195289672
79;0.18668849001471977;0.1558483643473867;0.030213985983259;0.23959180086561066;0.11121668827031658;0.2764406705187073
80;0.187402508952699;0.1556780982929455;0.030213985983259;0.23972911219983742;0.11073884482720742;0.2762374497440517
81;0.18630951073225388;0.15577696245358877;0.030213985983259;0.2410143462882;0.11070589010699299;0.27597930443570534
82;0.18656216358723116;0.15477733594041787;0.030213985983259;0.24104730100841443;0.1112880901641145;0.27611112331656307
83;0.1876276995408309;0.15602412285519696;0.030213985983259;0.2400916141221961;0.11039282026495595;0.2756497572335611
84;0.1868148164422084;0.15572753037326714;0.030213985983259;0.23992684052112398;0.11160665245952062;0.2757101742206209
85;0.18646879187995694;0.1547333963134653;0.030213985983259;0.24138234066392777;0.1111947184568403;0.2760067667025507
86;0.18644132961311158;0.1536788452666037;0.030213985983259;0.24238745963046773;0.11044774479864666;0.2768306347079113
87;0.18846804490629873;0.1551673001296219;0.030213985983259;0.2415690840784762;0.1100632730628117;0.27451831183953246
88;0.1876661467144144;0.15380517169409233;0.030213985983259;0.2406793066326867;0.11163960717973505;0.2759957817958126
89;0.18680383153547025;0.15504097370213327;0.030213985983259;0.2419041237339895;0.11117274864336402;0.2748643364017839
90;0.18620515411824154;0.15398642265527165;0.030213985983259;0.24311795592855417;0.11121668827031658;0.27525979304435705
91;0.18657864094733836;0.1538271415075686;0.030213985983259;0.24117362743590307;0.11109585429619702;0.27711074982973394
92;0.18693565041632795;0.15204758661598963;0.030213985983259;0.24262912757870686;0.11230968649076169;0.27586396291495485
93;0.18671045982819606;0.15256936968605136;0.030213985983259;0.24198651053452555;0.11177691851396182;0.2767427554540062
94;0.18605685787727663;0.15274512819386163;0.030213985983259;0.2418876463738823;0.11178241096733088;0.27731397060438956
95;0.18699057495001867;0.1536953226267109;0.030213985983259;0.24251378605795637;0.11189226003471231;0.2746940703473428
96;0.1868532636157919;0.1536568754531274;0.030213985983259;0.2425796954983852;0.11155722037919898;0.2751389590702375
97;0.18569984840828702;0.15372278489355626;0.030213985983259;0.2433046993431026;0.11115627128325681;0.27590241008853833
98;0.18725970516510315;0.15221785267043084;0.030213985983259;0.24362875409187776;0.11091460333501768;0.2757650987543116
99;0.1869686051365424;0.15154777335940417;0.030213985983259;0.24372761825252104;0.11154074301909177;0.27600127424918164
100;0.1879682316497133;0.1528110376342905;0.030213985983259;0.24315640310213765;0.11095305050860119;0.2748972911219984
101;0.1869521277764352;0.1528659621679812;0.030213985983259;0.24298613704769648;0.11106839202935168;0.2759133949952765
102;0.18697959004328052;0.1516356526133093;0.030213985983259;0.24346398049080564;0.11225476195707099;0.27545202891227455
103;0.1877979655952721;0.15098205066238987;0.030213985983259;0.244188984335523;0.11073335237383834;0.2760836610497177
104;0.18759474482061647;0.1515258035459279;0.030213985983259;0.24452951644440538;0.11159566755278248;0.27454028165300876
105;0.18644132961311158;0.15164663752004745;0.030213985983259;0.24476019948590635;0.11159566755278248;0.2753421798448931
106;0.18797372410308236;0.15142144693191556;0.030213985983259;0.24451303908429817;0.11051914669244459;0.27535865720500036
107;0.18835270338554827;0.1509765582090208;0.030213985983259;0.24409561262824878;0.1111013467495661;0.27525979304435705
108;0.18825933167827405;0.1497846958279324;0.030213985983259;0.24488103346002593;0.11126062789726915;0.27560032515323946
109;0.1884405826394534;0.15109739218314036;0.030213985983259;0.24444712964386933;0.11064547311993321;0.2751554364303447
110;0.18746292593975877;0.15147637146560625;0.030213985983259;0.24549618823736186;0.11126612035063822;0.27408440802337586
111;0.18767163916778346;0.15105894500955686;0.030213985983259;0.2446393655117868;0.11170002416679482;0.274716040160819
112;0.18807808071709473;0.1502076147373509;0.030213985983259;0.244886525913395;0.11086517125469605;0.27574862139420436
113;0.1885888788804183;0.14974624865434893;0.030213985983259;0.24500735988751454;0.10988751455500143;0.2765560120394578
114;0.1888360392820265;0.14963090713359845;0.030213985983259;0.24413405980183228;0.11190324494145044;0.27528176285783335
115;0.18937979216556453;0.15006481094975505;0.030213985983259;0.24413405980183228;0.11177142606059275;0.27443592503899644
116;0.18710591647076916;0.15015269020366018;0.030213985983259;0.2446778126853703;0.11198563174198652;0.27586396291495485
117;0.18796273919634424;0.14912010897027483;0.030213985983259;0.24538084671661137;0.11171650152690203;0.2756058176066085
118;0.1882703165850122;0.14949359579937166;0.030213985983259;0.24474372212579915;0.11176593360722367;0.2755124458993343
119;0.18786387503570096;0.149905529802052;0.030213985983259;0.24529845991607532;0.1109310806951249;0.27578706856778784
120;0.1861941692115034;0.15008678076323131;0.030213985983259;0.24510073159478876;0.11191422984818859;0.27649010259902895
121;0.18851747698662039;0.14844453720587913;0.030213985983259;0.24483709383307337;0.11118373355010217;0.27680317244106595
122;0.18729265988531757;0.1496363995869675;0.030213985983259;0.24489201836676405;0.11194718456840301;0.2760177516092888
123;0.18753982028692576;0.14971878638750358;0.030213985983259;0.2454138014368258;0.11227673177054727;0.27483687413493857
124;0.18822637695805963;0.1494661335325263;0.030213985983259;0.24572137882549377;0.11184832040775974;0.2745238042929016
125;0.1876881165278907;0.14938374673199026;0.030213985983259;0.24642441285673486;0.11168903926005669;0.27460069864006853
126;0.18733110705890108;0.14853241645978427;0.030213985983259;0.2464134279499967;0.11148581848540105;0.27602324406265794
127;0.18840762791923896;0.1480326032031988;0.030213985983259;0.24627062416240086;0.11209548080936793;0.2749796779225344
128;0.18692466550958983;0.14792275413581737;0.030213985983259;0.24733616011600063;0.11256783179910802;0.27503460245622513
129;0.1868148164422084;0.14809302019025858;0.030213985983259;0.24746248654348924;0.11123865808379287;0.2761770327569919
130;0.18767713162115254;0.14802161829646066;0.030213985983259;0.2467759298723554;0.1119691543818793;0.2753421798448931
131;0.18763319199419998;0.14854889381989148;0.030213985983259;0.2462211920820792;0.1134576092448975;0.27392512687567283
132;0.18677087681525584;0.14783487488191224;0.030213985983259;0.24713843179471406;0.11319946393655118;0.2748423665883077
133;0.1875178504734495;0.14767010128084013;0.030213985983259;0.2464518751235802;0.11218885251664214;0.27595733462222904
134;0.1889898279763605;0.14811499000373488;0.030213985983259;0.2460783882944834;0.11161763736625877;0.27498517037590353
135;0.18871520530790695;0.14812597491047302;0.030213985983259;0.2473965771030604;0.11027198629083639;0.2752762704044643
136;0.188797592108443;0.14704396159676605;0.030213985983259;0.2467155128852956;0.11065096557330228;0.2765779818529341
137;0.1881549750642617;0.14709339367708768;0.030213985983259;0.24829184700221896;0.11142540149834128;0.2748203967748314
138;0.18852846189335853;0.14770305600105454;0.030213985983259;0.24813805830788496;0.11059054858624251;0.27482588922820045
139;0.18730913724542478;0.14771953336116175;0.030213985983259;0.24723729595535734;0.1119307072082958;0.2755893402465013
140;0.18840762791923896;0.14683524836874134;0.030213985983259;0.246979150647011;0.1116286222729969;0.27593536480875275
141;0.18676538436188678;0.14676384647494342;0.030213985983259;0.24792934507986028;0.11255684689236989;0.27577059120768066
142;0.1878913373025463;0.14734604653206496;0.030213985983259;0.2471494167014522;0.1111947184568403;0.27620449502383726
143;0.18853944680009666;0.14637937473910848;0.030213985983259;0.2481490432146231;0.11160116000615154;0.2751169892567612
144;0.18888547136234812;0.14596194828305908;0.030213985983259;0.24770415449172836;0.11113430146978052;0.2761001384098249
145;0.18761122218072368;0.14747786541292265;0.030213985983259;0.24853351495045808;0.11140892413823407;0.27475448733440255
146;0.18767713162115254;0.146033350176857;0.030213985983259;0.248374233802755;0.11174396379374739;0.27595733462222904
147;0.18752334292681855;0.14636289737900124;0.030213985983259;0.24865434892457763;0.11171650152690203;0.2755289232594415
148;0.18719928817804338;0.14607179735044049;0.030213985983259;0.24913768482105586;0.11142540149834128;0.27595184216886
149;0.18791879956939164;0.1461322143375003;0.030213985983259;0.24842366588307666;0.11215040534305863;0.2751609288837138
150;0.18752334292681855;0.14583562185557045;0.030213985983259;0.24860491684425598;0.1121558977964277;0.2756662345936683
151;0.1874189863128062;0.14559395390733132;0.030213985983259;0.2483577564426478;0.11303469033547905;0.2753806270184766
152;0.18778698068853394;0.14598941054990444;0.030213985983259;0.24889052441944767;0.11209548080936793;0.275023617549487
153;0.18808906562383285;0.14578618977524882;0.030213985983259;0.24963200562427226;0.11179339587406903;0.27448535711931804
154;0.18788584484917722;0.14551156710679528;0.030213985983259;0.24937386031592593;0.11102445240239911;0.27599028934244346
155;0.18752334292681855;0.14564887844102203;0.030213985983259;0.24950018674341454;0.11115627128325681;0.27595733462222904
156;0.1870784542039238;0.14592899356284464;0.030213985983259;0.24901135839356725;0.11182085814091439;0.2759463497154909
157;0.18809455807720193;0.14626952567172705;0.030213985983259;0.24852253004371994;0.11155172792582992;0.2753476722982622
158;0.18733110705890108;0.1459729331897972;0.030213985983259;0.2491102225542105;0.1109310806951249;0.2764406705187073
159;0.18787485994243908;0.14542368785289012;0.030213985983259;0.24795680734670564;0.11294681108157392;0.2755838477931322
160;0.1881384977041545;0.14595096337632094;0.030213985983259;0.24762726014456138;0.11295779598831206;0.27511149680339214
161;0.18776501087505768;0.14503372366368608;0.030213985983259;0.24862688665773228;0.11297427334841927;0.27538611947184566
162;0.18927543555155216;0.14517652745128193;0.030213985983259;0.24895094140650745;0.11152975811235363;0.2748533514950458
163;0.18780345804864118;0.14558846145396226;0.030213985983259;0.24899488103346;0.11261177142606059;0.27478744205461697
164;0.18820989959795242;0.14505569347716238;0.030213985983259;0.24875870553858997;0.11174945624711646;0.27601225915591976
165;0.18903926005668212;0.14496232176988819;0.030213985983259;0.248528022497089;0.11234813366434519;0.2749082760287365
166;0.18833622602544103;0.14445152360656457;0.030213985983259;0.2494342773029857;0.11212294307621329;0.2754410440055364
167;0.1884405826394534;0.14534130105235407;0.030213985983259;0.248374233802755;0.1124030581980359;0.27522683832414263
168;0.18794076938286794;0.14505020102379332;0.030213985983259;0.24876419799195904;0.11229320913065448;0.27573763648746624
169;0.18773754860821232;0.14418788584484918;0.030213985983259;0.2490168508469363;0.11266120350638223;0.27618252521036096
170;0.18771557879473602;0.1452204670782345;0.030213985983259;0.2496979150647011;0.11184282795439067;0.2753092251246787
171;0.18843509018608431;0.1441109914976822;0.030213985983259;0.24929147351538986;0.11222729969022563;0.275721159127359
172;0.1877979655952721;0.14498978403673352;0.030213985983259;0.24963200562427226;0.11159017509941341;0.2757760836610497
173;0.18880308456181208;0.14322670650526176;0.030213985983259;0.25008787925390513;0.11221082233011842;0.2754575213656436
174;0.18872619021464507;0.1439352329898719;0.030213985983259;0.24896741876661468;0.11257881670584617;0.27557835533976316
175;0.18727618252521036;0.14439659907287386;0.030213985983259;0.2494177999428785;0.11305666014895534;0.27563877232682293
176;0.18778148823516488;0.14426478019201616;0.030213985983259;0.2494123074895094;0.1128369620141925;0.275490476085858
177;0.18807258826372564;0.1431827668783092;0.030213985983259;0.2500384471735835;0.1121394204363205;0.27635279126480217
178;0.1881384977041545;0.14347386690686997;0.030213985983259;0.2510270887800163;0.11191422984818859;0.2752323307775117
179;0.18877562229496672;0.14428125755212337;0.030213985983259;0.24940681503614034;0.11257881670584617;0.2747435024276644
180;0.18808357317046379;0.14349583672034624;0.030213985983259;0.2502251905881319;0.11314453940286047;0.27483687413493857
181;0.18782542786211745;0.1444295537930883;0.030213985983259;0.24989015093261857;0.11227673177054727;0.2753641496583694
182;0.1885339543467276;0.14390777072302657;0.030213985983259;0.24908276028736517;0.11278752993387087;0.27547399872575085
183;0.18822088450469054;0.14374848957532352;0.030213985983259;0.25048333589647825;0.11208998835599886;0.27524331568424987
184;0.18778698068853394;0.14404508205725333;0.030213985983259;0.2507195113913483;0.11163411472636597;0.27560032515323946
185;0.18771557879473602;0.14428675000549246;0.030213985983259;0.2501867434145484;0.11237559593119055;0.27522134587077357
186;0.18784190522222466;0.14363314805457303;0.030213985983259;0.2505931849638597;0.11217237515653491;0.27554540061954874
187;0.18867126568095438;0.1435232989871916;0.030213985983259;0.25084034536546784;0.11178790342069996;0.27496320056242723
188;0.18767163916778346;0.14362765560120394;0.030213985983259;0.25076345101830083;0.11271612804007294;0.2750071401893798
189;0.18849001471977503;0.14255113474086606;0.030213985983259;0.2502526528549773;0.112875409187776;0.27561680251334664
190;0.1879682316497133;0.14277632532899795;0.030213985983259;0.250230683041501;0.11305116769558626;0.2757596063009425
191;0.18817694487773798;0.14311136498451127;0.030213985983259;0.2499835226398928;0.11277654502713272;0.27573763648746624
192;0.18816595997099986;0.1430674253575587;0.030213985983259;0.24982424149218974;0.11352351868532636;0.27520486851066633
193;0.18761671463409277;0.14256761210097327;0.030213985983259;0.2511204604872905;0.11319397148318211;0.2752872553112024
194;0.18792429202276073;0.14300700837049893;0.030213985983259;0.2505272755234308;0.1138365885273634;0.2744908495726871
195;0.18801766373003492;0.143786936748907;0.030213985983259;0.25006590944042884;0.11272711294681108;0.27518839115055915
196;0.18823736186479778;0.14266647626161655;0.030213985983259;0.2509007623525276;0.11255135443900081;0.27543005909879825
197;0.18831974866533382;0.14351231408045345;0.030213985983259;0.25054375288353803;0.11269965067996572;0.27471054770744996
198;0.18790781466265352;0.1433530329327504;0.030213985983259;0.2515269020366017;0.11184832040775974;0.2751499439769756
199;0.1880616033569875;0.14289715930311753;0.030213985983259;0.25069204912450294;0.11252389217215546;0.2756113100599776
200;0.18800118636992771;0.14177669881582705;0.030213985983259;0.25197179075949644;0.1131005997759079;0.2749357382955819
201;0.1890996770437419;0.14201836676406618;0.030213985983259;0.25255948326998706;0.11102994485576817;0.2750785420831777
202;0.18829228639848847;0.14374299712195443;0.030213985983259;0.2513346661686842;0.11239756574466683;0.274018498582947
203;0.18905024496342027;0.1429575762901773;0.030213985983259;0.2515873190236615;0.1107608146406837;0.27543005909879825
204;0.18902827514994397;0.14193048751016105;0.030213985983259;0.2516092888371378;0.11255135443900081;0.2746666080804974
205;0.18721576553815059;0.14173275918887449;0.030213985983259;0.2525265285497726;0.11277654502713272;0.2755344157128106
206;0.18934683744535008;0.1420732912977569;0.030213985983259;0.2506151547773359;0.11279302238723993;0.2749577081090582
207;0.1884570599995606;0.1421062460179713;0.030213985983259;0.25075795856493177;0.11338620735109958;0.2750785420831777
208;0.18961596766043456;0.14094733835709736;0.030213985983259;0.2512467869147791;0.11308961486916976;0.2748863062152602
209;0.18884702418876465;0.14166684974844562;0.030213985983259;0.25175209262473364;0.11220532987674935;0.27531471757804776
210;0.18834721093217918;0.14274337060878353;0.030213985983259;0.2507964057385153;0.11226025441044006;0.27563877232682293
211;0.18863831096073994;0.142238064898829;0.030213985983259;0.25153788694333984;0.11255684689236989;0.2748149043214623
212;0.1880616033569875;0.14171078937539822;0.030213985983259;0.2520541775600325;0.11297427334841927;0.27498517037590353
213;0.18904475251005118;0.14166684974844562;0.030213985983259;0.2523288002284861;0.11166157699321133;0.2750840345365468
214;0.18884702418876465;0.14188654788320848;0.030213985983259;0.2517356152646264;0.11152426565898456;0.27579256102115696
215;0.1885888788804183;0.14247973284706814;0.030213985983259;0.2527956587648571;0.11067842784014764;0.27524331568424987
216;0.18905573741678933;0.1408979062767757;0.030213985983259;0.2527846738581189;0.11244699782498846;0.27460069864006853
217;0.18854493925346574;0.1416558648417075;0.030213985983259;0.25163675110398315;0.11212843552958235;0.27582002328800226
218;0.18820989959795242;0.14126590065250347;0.030213985983259;0.25242766438912934;0.1121394204363205;0.2757431289408353
219;0.1893083902717666;0.14141968934683743;0.030213985983259;0.252477096469451;0.1116670694465804;0.2749137684821056
220;0.18842410527934617;0.1407496100358108;0.030213985983259;0.2527297493244282;0.11234264121097612;0.2755399081661797
221;0.18817694487773798;0.14098578553068083;0.030213985983259;0.25261990025704684;0.11205703363578443;0.2759463497154909
222;0.18841312037260805;0.1407715798492871;0.030213985983259;0.25293297009908383;0.11280400729397808;0.2748643364017839
223;0.1880616033569875;0.14207878375112595;0.030213985983259;0.2525265285497726;0.11244699782498846;0.2746721005338665
224;0.18763319199419998;0.14167783465518377;0.030213985983259;0.252477096469451;0.11318298657644396;0.2748149043214623
225;0.1883636882922864;0.14081002702287057;0.030213985983259;0.2527736889513808;0.11191972230155765;0.27591888744864557
226;0.1890996770437419;0.1403541533932377;0.030213985983259;0.25251554364303447;0.1124415053716194;0.27537513456510754
227;0.18876463738822857;0.1407825647560252;0.030213985983259;0.25249357382955817;0.11234264121097612;0.2754025968319529
228;0.18845156754619152;0.14098578553068083;0.030213985983259;0.25308675879341785;0.11250192235867917;0.2747599797877716
229;0.1882703165850122;0.14085396664982314;0.030213985983259;0.25272425687105915;0.11295779598831206;0.2749796779225344
230;0.18822637695805963;0.14038161566008306;0.030213985983259;0.252867060658655;0.11218336006327306;0.27612760067667025
231;0.18873717512138322;0.14028275149943978;0.030213985983259;0.2524661115627128;0.11268866577322759;0.2756113100599776
232;0.18883054682865744;0.14055188171452423;0.030213985983259;0.25248258892282005;0.11252938462552453;0.2753916119252148
233;0.1889898279763605;0.1404640024606191;0.030213985983259;0.2528505832985478;0.11241404310477404;0.27506755717643955
234;0.18891293362919348;0.14145264406705188;0.030213985983259;0.25244963420260563;0.11174945624711646;0.27522134587077357
235;0.18918755629764702;0.14054089680778611;0.030213985983259;0.2534327833556693;0.1119691543818793;0.27465562317375924
236;0.18958301294022015;0.13996968165740273;0.030213985983259;0.25310323615352504;0.11212843552958235;0.2750016477360107
237;0.18914910912406355;0.1395961948283059;0.030213985983259;0.25243864929586746;0.11327635828371817;0.2753257024847859
238;0.18894039589603884;0.14033767603313047;0.030213985983259;0.2531636531405848;0.11220532987674935;0.2751389590702375
239;0.1891216468572182;0.1406562383285366;0.030213985983259;0.25257596063009424;0.11303469033547905;0.2743974778654129
240;0.1878144429553793;0.14096930817057363;0.030213985983259;0.2531636531405848;0.11352901113869543;0.2743095986115078
241;0.18817145242436892;0.140612298701584;0.030213985983259;0.2521365643605686;0.11319946393655118;0.2756662345936683
242;0.18965441483401807;0.13966759672210383;0.030213985983259;0.25298789463277455;0.11240855065140497;0.27506755717643955
243;0.1884955071731441;0.14056835907463144;0.030213985983259;0.2532185776742755;0.11243601291825032;0.27506755717643955
244;0.18859437133378737;0.14068919304875102;0.030213985983259;0.2529000153788694;0.11262824878616781;0.27497418546916536
245;0.18847902981303688;0.14023331941911812;0.030213985983259;0.2527297493244282;0.11392996023463761;0.27441395522552015
246;0.18952808840652943;0.140145440165213;0.030213985983259;0.2531636531405848;0.1122877166772854;0.2746611156271283
247;0.18920403365775423;0.14002460619109344;0.030213985983259;0.2530757738866797;0.11275457521365644;0.2747270250675572
248;0.18859437133378737;0.13998066656414088;0.030213985983259;0.2539820286925764;0.11234813366434519;0.27488081376189116
249;0.18839115055913175;0.13971702880242548;0.030213985983259;0.25409187775995784;0.11267768086648944;0.2749082760287365
250;0.18830327130522662;0.14070567040885823;0.030213985983259;0.2542346815475537;0.11234264121097612;0.27419974954412635
251;0.18775402596831953;0.14054089680778611;0.030213985983259;0.25374036074433726;0.11331480545730167;0.27443592503899644
252;0.1876441769009381;0.14026627413933257;0.030213985983259;0.25466309291034117;0.1124415053716194;0.27477096469450973
253;0.18773754860821232;0.13977195333611617;0.030213985983259;0.25444339477557837;0.11242502801151218;0.27540808928532196
254;0.1882483467715359;0.13979941560296152;0.030213985983259;0.2540369532262671;0.11299075070852649;0.27471054770744996
255;0.18821539205132148;0.13894808533075553;0.030213985983259;0.2543994551486258;0.11289188654788321;0.275331194938155
256;0.18933036008524287;0.13933804951995957;0.030213985983259;0.25425115890766087;0.11201309400883186;0.2748533514950458
257;0.18908869213700374;0.13928861743963794;0.030213985983259;0.2539161192521476;0.11263923369290595;0.2748533514950458
258;0.18803414109014213;0.1400300986444625;0.030213985983259;0.2538831645319331;0.112875409187776;0.27496320056242723
259;0.18848452226640597;0.14004108355120065;0.030213985983259;0.25403146077289807;0.11172748643364018;0.27550146099259615
260;0.1885339543467276;0.14113408177164577;0.030213985983259;0.2533229342882879;0.112798514840609;0.2739965287694707
261;0.18796273919634424;0.1398653250433904;0.030213985983259;0.25417426456049386;0.1125348770788936;0.2752488081376189
262;0.18765516180767625;0.1397444910692708;0.030213985983259;0.25427312872113716;0.11265571105301316;0.2754575213656436
263;0.18840762791923896;0.1397115363490564;0.030213985983259;0.2541577872003867;0.11211745062284421;0.2753916119252148
264;0.18897884306962234;0.1402003646989037;0.030213985983259;0.25420721928070833;0.1122327921435947;0.27416679482391193
265;0.18916558648417076;0.13982138541643782;0.030213985983259;0.2541907419206011;0.11275457521365644;0.2738537249818749
266;0.18863281850737088;0.14010150053826043;0.030213985983259;0.2551464288068194;0.11162312981962783;0.2742821363446624
267;0.18880857701518114;0.13952479293450798;0.030213985983259;0.25512995144671224;0.1119307072082958;0.27439198541204385
268;0.18799569391655865;0.13966759672210383;0.030213985983259;0.25417426456049386;0.11310609222927698;0.2748423665883077
269;0.18774304106158138;0.13951380802776983;0.030213985983259;0.2551519212601885;0.11295779598831206;0.2744194476788892
270;0.18882505437528835;0.1397444910692708;0.030213985983259;0.2542786211745062;0.11193619966166488;0.2750016477360107
271;0.18814399015752356;0.13999714392424809;0.030213985983259;0.25508601181975965;0.11186479776786695;0.2746940703473428
272;0.18831425621196476;0.1396346420018894;0.030213985983259;0.25427312872113716;0.11214491288968957;0.27541907419206013
273;0.188023156183404;0.13970604389568733;0.030213985983259;0.2544983193092691;0.11323791111013468;0.27432058351824595
274;0.1886987279477997;0.13882725135663598;0.030213985983259;0.25510798163323595;0.11312256958938419;0.2740294834896852
275;0.1875178504734495;0.13953028538787707;0.030213985983259;0.2551958608871411;0.1133642375376233;0.2741777797306501
276;0.18780345804864118;0.13933804951995957;0.030213985983259;0.254805896697937;0.11328185073708724;0.274556759013116
277;0.1893083902717666;0.13877232682294527;0.030213985983259;0.2549432080321638;0.11291934881472857;0.27384274007513676
278;0.18858338642704922;0.13889316079706485;0.030213985983259;0.25470703253729376;0.11291385636135949;0.27468857789397366
279;0.18828130149175035;0.139601687281675;0.030213985983259;0.25478941933782984;0.1125898016125843;0.2745238042929016
280;0.1878144429553793;0.13895907023749368;0.030213985983259;0.2542841136278753;0.1130237054287409;0.27570468176725177
281;0.18886899400224091;0.13872289474262364;0.030213985983259;0.25529472504778433;0.11293582617483577;0.2739635740492563
282;0.1885888788804183;0.13845376452753916;0.030213985983259;0.2551683986202957;0.11231517894413076;0.27525979304435705
283;0.18890194872245536;0.13923369290594723;0.030213985983259;0.2548113891513061;0.1128369620141925;0.27400202122283984
284;0.1890008128830986;0.13816815695234747;0.030213985983259;0.2553057099545225;0.11255684689236989;0.27475448733440255
285;0.18850649207988224;0.13879978908979063;0.030213985983259;0.25446536458905467;0.11368829228639848;0.274326075971615
286;0.18859437133378737;0.13839334754047938;0.030213985983259;0.25466309291034117;0.11301821297537185;0.2751169892567612
287;0.18918206384427796;0.13828899092646704;0.030213985983259;0.25478941933782984;0.11250192235867917;0.275023617549487
288;0.1894237317925171;0.13762989652217852;0.030213985983259;0.2548663136849968;0.11294131862820485;0.2749247533888437
289;0.1884186128259771;0.13909088911835138;0.030213985983259;0.2549541929389019;0.11346859415163565;0.2738537249818749
290;0.18924248083133774;0.13794296636421557;0.030213985983259;0.25495968539227104;0.11337522244436145;0.27426565898455524
291;0.18973680163455411;0.1371630379858075;0.030213985983259;0.2552507854208318;0.11318298657644396;0.2744524023991036
292;0.1886987279477997;0.13845925698090822;0.030213985983259;0.2555144231825472;0.11243601291825032;0.27467759298723554
293;0.18914361667069446;0.1382560362062526;0.030213985983259;0.2554100665685348;0.11230419403739263;0.2746721005338665
294;0.18969286200760155;0.13719050025265286;0.030213985983259;0.2551958608871411;0.11307313750906255;0.27463365336028295
295;0.18963244502054177;0.13771777577608366;0.030213985983259;0.2546576004569721;0.11303469033547905;0.2747435024276644
296;0.1888909638157172;0.1378825493771558;0.030213985983259;0.2556297647032977;0.11262275633279874;0.2747599797877716
297;0.18931937517850472;0.13811872487202584;0.030213985983259;0.2554594986488565;0.11277105257376364;0.27411736274359033
298;0.19025858470461585;0.13794845881758463;0.030213985983259;0.2547729419777226;0.11312806204275326;0.2736779664740646
299;0.18922051101786147;0.13661928510226948;0.030213985983259;0.2555858250763451;0.11346859415163565;0.2748917986686293
300;0.18973130918118505;0.13801986071138256;0.030213985983259;0.25551991563591625;0.11264472614627502;0.2738702023419821
301;0.18840762791923896;0.13811323241865678;0.030213985983259;0.2560581760660852;0.11239207329129776;0.2748149043214623
302;0.18920952611112332;0.13780016257661973;0.030213985983259;0.255580332622976;0.11237010347782148;0.27482588922820045
303;0.18931937517850472;0.1368609530505086;0.030213985983259;0.25517938352703384;0.11361689039260056;0.27480941186809327
304;0.188566909066942;0.13823406639277633;0.030213985983259;0.25559680998308326;0.11301272052200277;0.2743755080519366
305;0.18876463738822857;0.13772326822945274;0.030213985983259;0.2552507854208318;0.11326537337698003;0.2747819496012479
306;0.18906122987015841;0.137822132390096;0.030213985983259;0.25521233824724826;0.11334226772414702;0.2743480457850913
307;0.1896873695542325;0.13718500779928378;0.030213985983259;0.25551991563591625;0.11277105257376364;0.2746226684535448
308;0.1901761979040798;0.1368389832370323;0.030213985983259;0.2557396137706791;0.11288090164114507;0.27415031746380475
309;0.18980820352835204;0.13721796251949822;0.030213985983259;0.2547729419777226;0.11369927719313663;0.2742876287980315
310;0.18891842608256257;0.137745238042929;0.030213985983259;0.25598677417228727;0.11275457521365644;0.2743810005053057
311;0.18843509018608431;0.13765186633565482;0.030213985983259;0.25572313641057187;0.11334226772414702;0.27463365336028295
312;0.18933585253861196;0.1377672078564053;0.030213985983259;0.2556297647032977;0.11351253377858822;0.2735406551398379
313;0.18906672232352748;0.13786607201704856;0.030213985983259;0.256041698705978;0.11255135443900081;0.2742601665311861
314;0.18873168266801416;0.1383109607399433;0.030213985983259;0.25561328734319044;0.11297976580178834;0.27415031746380475
315;0.1881220203440473;0.13806380033833512;0.030213985983259;0.256349276094646;0.11318847902981304;0.2740624382098996
316;0.18867126568095438;0.13798141353779905;0.030213985983259;0.2556627194235121;0.11285893182766878;0.2746116835468067
317;0.18869323549443065;0.1382560362062526;0.030213985983259;0.2563602610013841;0.1122163147834875;0.2742601665311861
318;0.1892919129116594;0.13754750972164245;0.030213985983259;0.2556297647032977;0.11264472614627502;0.2746721005338665
319;0.18963793747391083;0.1378605795636795;0.030213985983259;0.2556242722499286;0.11222180723685656;0.2744414174923655
320;0.18916009403080167;0.13770129841597645;0.030213985983259;0.25669530065689744;0.11256783179910802;0.27366148911395743
321;0.18920403365775423;0.1375969418019641;0.030213985983259;0.25588241755827495;0.11268317331985851;0.2744194476788892
322;0.18895138080277699;0.1373333040402487;0.030213985983259;0.2569040138849221;0.1119691543818793;0.2746281609069139
323;0.18905573741678933;0.1381406946855021;0.030213985983259;0.2556956741437265;0.11271063558670387;0.27418327218401917
324;0.1887426675747523;0.13741569084078475;0.030213985983259;0.25643166289518204;0.11295230353494298;0.27424368917107894
325;0.18935232989871917;0.13763538897554758;0.030213985983259;0.25594283454533473;0.11230968649076169;0.2745457741063778
326;0.1897203242744469;0.13694883230441374;0.030213985983259;0.2565744666827779;0.11255135443900081;0.27399103631610167
327;0.18860535624052552;0.1372619021464508;0.030213985983259;0.2569864006854582;0.11311158468264604;0.27382077026166046
328;0.18963244502054177;0.13668519454269834;0.030213985983259;0.2569644308719819;0.1120076015554628;0.2744963420260562
329;0.18965441483401807;0.13777270030977437;0.030213985983259;0.2560032515323945;0.11226574686380912;0.274089900476745
330;0.18901729024320585;0.13728387195992706;0.030213985983259;0.256277874200848;0.11251290726541732;0.2746940703473428
331;0.1888909638157172;0.1375969418019641;0.030213985983259;0.2568381044444933;0.11201309400883186;0.27444690994573456
332;0.1896104752070655;0.13796493617769184;0.030213985983259;0.2560526836127161;0.11198013928861744;0.2741777797306501
333;0.18938528461893359;0.13759144934859502;0.030213985983259;0.2564151855350748;0.11206801854252257;0.274326075971615
334;0.1901377507304963;0.13785508711031044;0.030213985983259;0.25583847793132236;0.11229320913065448;0.27366148911395743
335;0.18922600347123053;0.13766834369576203;0.030213985983259;0.25653601950919436;0.11208998835599886;0.27426565898455524
336;0.1885504317068348;0.1381791418590856;0.030213985983259;0.2564042006283367;0.1125348770788936;0.27411736274359033
337;0.18908869213700374;0.1373717512138322;0.030213985983259;0.2564865874288727;0.11254586198563174;0.2742931212514006
338;0.18893490344266978;0.13735527385372498;0.030213985983259;0.2564756025221346;0.11304018278884813;0.27398005140936355
339;0.18849001471977503;0.1375749719884878;0.030213985983259;0.25670628556363556;0.112875409187776;0.2741393325570666
340;0.18950062613968408;0.1368279983302942;0.030213985983259;0.2572610233539117;0.11226574686380912;0.2739306193290419
341;0.1889898279763605;0.1367291341696509;0.030213985983259;0.25685458180460047;0.11293582617483577;0.27427664389129336
342;0.18984665070193554;0.13675110398312718;0.030213985983259;0.2569973855921963;0.11211745062284421;0.27407342311663774
343;0.1892479732847068;0.13717951534591472;0.030213985983259;0.2567007931102665;0.11256233934573895;0.27409539293011403
344;0.18968187710086343;0.13687193795724675;0.030213985983259;0.2569040138849221;0.11233714875760704;0.27399103631610167
345;0.18948414877957687;0.1368225058769251;0.030213985983259;0.2565689742294088;0.11265571105301316;0.27425467407781706
346;0.1891381242173254;0.13760243425533317;0.030213985983259;0.25598677417228727;0.11259529406595338;0.2744633873058418
347;0.18956104312674385;0.13711360590548585;0.030213985983259;0.25642067798844387;0.11212294307621329;0.2745677439198541
348;0.19011028846365094;0.13672364171628182;0.030213985983259;0.25629435156095526;0.112875409187776;0.273782323088077
349;0.18931937517850472;0.13726739459981985;0.030213985983259;0.2561735175868357;0.11260078651932245;0.27442494013225827
350;0.18970933936770876;0.13659182283542412;0.030213985983259;0.25637673836149133;0.11312806204275326;0.27398005140936355
351;0.1897587714480304;0.13660830019553133;0.030213985983259;0.25619548740031195;0.11327086583034911;0.2739525891425182
352;0.18951161104642222;0.13720148515939098;0.030213985983259;0.25617901004020477;0.11276006766702551;0.2741338401036975
353;0.1900608563833293;0.13680053606344883;0.030213985983259;0.2564042006283367;0.11291385636135949;0.2736065645802667
354;0.19032998659841377;0.13676208888986532;0.030213985983259;0.2566403761232067;0.1122327921435947;0.27382077026166046
355;0.19023112243777052;0.1362787529933871;0.030213985983259;0.25619548740031195;0.11303469033547905;0.2740459608497924
356;0.19006634883669837;0.13669617944943646;0.030213985983259;0.25636575345475315;0.11289737900125228;0.2737603532746007
357;0.18952259595316034;0.13678405870334162;0.030213985983259;0.2570083704989345;0.11277105257376364;0.2736999362875409
358;0.19047279038600962;0.13614693411252937;0.030213985983259;0.2567831799108026;0.11243601291825032;0.2739470966891491
359;0.1900993035569128;0.1372728870531889;0.030213985983259;0.25651404969571806;0.11214491288968957;0.2737548608212316
360;0.18979172616824483;0.1368060285168179;0.030213985983259;0.257206098820221;0.11220532987674935;0.2737768306347079
361;0.1897587714480304;0.13678405870334162;0.030213985983259;0.25711821956631586;0.11202957136893908;0.27409539293011403
362;0.1901377507304963;0.13670167190280555;0.030213985983259;0.25716215919326846;0.11198563174198652;0.2737988004481842
363;0.19081881494826108;0.1372564096930817;0.030213985983259;0.25643166289518204;0.1121394204363205;0.2731397060438957
364;0.19039040358547357;0.13739921348067755;0.030213985983259;0.2565524968693016;0.11171100907353297;0.27373289100775533
365;0.19011028846365094;0.1377067908693455;0.030213985983259;0.2563382911879078;0.112100973262737;0.2735296702330997
366;0.19027506206472308;0.13724542478634355;0.030213985983259;0.2562119647604192;0.11254036953226267;0.2735131928729925
367;0.18987960542214996;0.13704220401168793;0.030213985983259;0.2565689742294088;0.11209548080936793;0.27419974954412635
368;0.18996199222268603;0.13730034932003427;0.030213985983259;0.25661840630973043;0.11174396379374739;0.27416130237054287
369;0.1907034734275106;0.1366742096359602;0.030213985983259;0.25654700441593253;0.1122877166772854;0.2735736098600523
370;0.19023112243777052;0.13675110398312718;0.030213985983259;0.2568490893512314;0.11203506382230814;0.27391963442230377
371;0.19051673001296218;0.13692686249093744;0.030213985983259;0.2569040138849221;0.11156820528593712;0.2738702023419821
372;0.1900993035569128;0.13711909835885494;0.030213985983259;0.2570797723927324;0.11154623547246084;0.27394160423578
373;0.19031900169167565;0.1370861436386405;0.030213985983259;0.2569204912450293;0.11159566755278248;0.27386470988861306
374;0.1904563130259024;0.13707515873190237;0.030213985983259;0.2570083704989345;0.11161763736625877;0.273628534393743
375;0.18987960542214996;0.1374266757475229;0.030213985983259;0.2568271195377551;0.11174396379374739;0.2739086495155656
376;0.18973130918118505;0.1365588681152097;0.030213985983259;0.2574422743150911;0.11243601291825032;0.27361754948700484
377;0.18937979216556453;0.13724542478634355;0.030213985983259;0.25739284223476944;0.11161763736625877;0.27415031746380475
378;0.18991805259573347;0.13674561152975812;0.030213985983259;0.25765647999648483;0.1114199090449722;0.2740459608497924
379;0.18961596766043456;0.13673462662301997;0.030213985983259;0.2573269327943406;0.11222729969022563;0.27388118724872024
380;0.18973680163455411;0.13653140584836435;0.030213985983259;0.25772238943691367;0.11230968649076169;0.27348573060614717
381;0.1901212733703891;0.13647098886130457;0.030213985983259;0.25728848562075707;0.11189775248808137;0.2740075136762089
382;0.18987960542214996;0.13618538128611288;0.030213985983259;0.2576290177296395;0.11202407891557001;0.2740679306632687
383;0.19001691675637675;0.1365368983017334;0.030213985983259;0.257359887514555;0.11243601291825032;0.2734362985258255
384;0.1896269525671727;0.13635015488718502;0.030213985983259;0.25726651580728077;0.1129687808950502;0.2735736098600523
385;0.19009381110354373;0.13596568315135005;0.030213985983259;0.2572115912735901;0.11259529406595338;0.27391963442230377
386;0.19046180547927147;0.13623481336643453;0.030213985983259;0.25748621394204363;0.11250192235867917;0.27310125887031217
387;0.19033547905178286;0.13617988883274382;0.030213985983259;0.25699189313882725;0.11256233934573895;0.27371641364764815
388;0.1900608563833293;0.13677856624997253;0.030213985983259;0.25683261199112417;0.11232067139749984;0.2737933079948151
389;0.18989608278225717;0.13671814926291276;0.030213985983259;0.2575246611156271;0.11177691851396182;0.2738702023419821
390;0.1902860469714612;0.1368444756904014;0.030213985983259;0.2571456818331612;0.11229870158402355;0.2732111079376936
391;0.190269569611354;0.13677307379660347;0.030213985983259;0.2575850781026869;0.11195816947514116;0.2732001230309555
392;0.1893248676318738;0.13679504361007974;0.030213985983259;0.2569095063382912;0.11282048465408528;0.27393611178241095
393;0.1898521431553046;0.13717402289254566;0.030213985983259;0.2574093195948766;0.11147483357866292;0.2738756947953512
394;0.189725816727816;0.1368060285168179;0.030213985983259;0.2576400026363776;0.11219983742338027;0.2734143287123492
395;0.19026407715798493;0.13641606432761386;0.030213985983259;0.25757409319594876;0.11181536568754531;0.27371641364764815
396;0.18996199222268603;0.13648197376804272;0.030213985983259;0.25770041962343737;0.1121558977964277;0.27348573060614717
397;0.1906265790803436;0.13585583408396862;0.030213985983259;0.25711821956631586;0.11250192235867917;0.27368345892743373
398;0.1897972186216139;0.13628424544675616;0.030213985983259;0.25704681767251797;0.11269965067996572;0.27395808159588725
399;0.1894566865127315;0.13614693411252937;0.030213985983259;0.25731045543423336;0.11294681108157392;0.27392512687567283
400;0.19018718281081792;0.13559219632225322;0.030213985983259;0.2573214403409715;0.11218336006327306;0.2745018344794253
401;0.19020366017092516;0.1358393567238614;0.030213985983259;0.25748072148867457;0.11219983742338027;0.2740624382098996
402;0.1898686205154118;0.13575147746995628;0.030213985983259;0.25785970077114045;0.11243052046488125;0.2738756947953512
403;0.19032998659841377;0.13548783970824088;0.030213985983259;0.25731045543423336;0.11251290726541732;0.2741448250104357
404;0.18903376760331306;0.13575696992332534;0.030213985983259;0.2576235252762704;0.11283146956082343;0.27454028165300876
405;0.1892699430981831;0.1359766680580882;0.030213985983259;0.2579420875716765;0.11256233934573895;0.27403497594305426
406;0.18902827514994397;0.1359931454181954;0.030213985983259;0.2581892479732847;0.11293582617483577;0.27363951930048114
407;0.18931937517850472;0.13651492848825714;0.030213985983259;0.2580958762660105;0.11211745062284421;0.2737383834611244
408;0.19003888656985302;0.13591075861765933;0.030213985983259;0.25772238943691367;0.11173847134037831;0.2743755080519366
409;0.18937979216556453;0.13656985302194785;0.030213985983259;0.2577388667970209;0.11223828459696378;0.273859217435244
410;0.18963793747391083;0.13624579827317265;0.030213985983259;0.2580189819188435;0.11228222422391634;0.27360107212689766
411;0.18978623371487577;0.13648746622141178;0.030213985983259;0.257749851703759;0.11202957136893908;0.27373289100775533
412;0.1892864204582903;0.13688841531735396;0.030213985983259;0.25765647999648483;0.11209548080936793;0.273859217435244
413;0.1892864204582903;0.13664674736911483;0.030213985983259;0.2579915196519982;0.11199112419535558;0.2738702023419821
414;0.18929740536502845;0.13674561152975812;0.030213985983259;0.2578542083177714;0.11201858646220093;0.2738702023419821
415;0.18947316387283872;0.13650943603488808;0.030213985983259;0.2582057253333919;0.11202407891557001;0.2735736098600523
416;0.18952259595316034;0.13600413032493355;0.030213985983259;0.25810136871937955;0.1124030581980359;0.2737548608212316
417;0.1896104752070655;0.13622382845969638;0.030213985983259;0.25768943471669925;0.1124964299053101;0.27376584572796975
418;0.18953907331326758;0.13609200957883869;0.030213985983259;0.2575795856493178;0.11261726387942966;0.27395808159588725
419;0.189572028033482;0.13526814157347805;0.030213985983259;0.25828261968055893;0.1130237054287409;0.27363951930048114
420;0.189572028033482;0.13579541709690884;0.030213985983259;0.25778280642397344;0.11303469033547905;0.27360107212689766
421;0.18919854120438517;0.1356910604828965;0.030213985983259;0.2581288309862249;0.11315003185622954;0.27361754948700484
422;0.18978074126150668;0.13579541709690884;0.030213985983259;0.25800799701210536;0.11245249027835753;0.27374936836786257
423;0.18989608278225717;0.13617439637937473;0.030213985983259;0.2578651932245095;0.11243052046488125;0.2734198211657183
424;0.18942922424588615;0.13630621526023243;0.030213985983259;0.2577168969835446;0.11277105257376364;0.2735626249533141
425;0.18922600347123053;0.13637761715403035;0.030213985983259;0.25804644418568884;0.11255684689236989;0.27357910231342136
426;0.18956104312674385;0.13653140584836435;0.030213985983259;0.25751916866225805;0.11268866577322759;0.27348573060614717
427;0.18956653558011294;0.1368060285168179;0.030213985983259;0.257821253597557;0.11251290726541732;0.2730792890568359
428;0.18975327899466132;0.135960190697981;0.030213985983259;0.2577059120768065;0.11251290726541732;0.2738537249818749
429;0.18912713931058725;0.13615791901926752;0.030213985983259;0.2580848913592724;0.11286991673440692;0.27354614759320695
430;0.18939077707230265;0.13643254168772107;0.030213985983259;0.25755212338247246;0.11273809785354923;0.27367247402069556
431;0.18874816002812136;0.13643254168772107;0.030213985983259;0.2575301535689962;0.11313355449612232;0.27394160423578
432;0.18914910912406355;0.13660830019553133;0.030213985983259;0.2581837555199156;0.11285893182766878;0.2729859173495617
433;0.1891546015774326;0.1361084869389459;0.030213985983259;0.25789265549135487;0.11314453940286047;0.27348573060614717
434;0.1892314959245996;0.13615791901926752;0.030213985983259;0.2579695498385219;0.11327086583034911;0.2731561834040029
435;0.18923698837796868;0.13592174352439748;0.030213985983259;0.25799701210536724;0.11335325263088517;0.27327701737812243
436;0.1894347166992552;0.13626227563327986;0.030213985983259;0.25793659511830747;0.11336972999099237;0.27278269657490606
437;0.1888140694685502;0.13613594920579125;0.030213985983259;0.25827163477382076;0.11295230353494298;0.2736120570336358
438;0.1889678581628842;0.13598765296482632;0.030213985983259;0.25810686117274867;0.11316650921633675;0.27355713249994507
439;0.18970933936770876;0.13594371333787375;0.030213985983259;0.2575246611156271;0.11313355449612232;0.273474745699409
440;0.1897203242744469;0.13559219632225322;0.030213985983259;0.25791462530483117;0.11298525825515741;0.2735736098600523
441;0.1900443790232221;0.13575147746995628;0.030213985983259;0.2582661423204517;0.11283146956082343;0.2728925456422875
442;0.19028055451809214;0.13531208120043062;0.030213985983259;0.25792011775820023;0.11280400729397808;0.27346925324603993
443;0.18953907331326758;0.1358393567238614;0.030213985983259;0.2584034536546785;0.11247995254520289;0.27352417777973065
444;0.19002790166311487;0.13549882461497903;0.030213985983259;0.25823868005360634;0.11251290726541732;0.2735077004196234
445;0.18994551486257882;0.13504295098534613;0.030213985983259;0.25863413669617946;0.11237559593119055;0.27378781554144604
446;0.18963793747391083;0.13500999626513172;0.030213985983259;0.25871652349671553;0.11251290726541732;0.2739086495155656
447;0.1898686205154118;0.13558670386888416;0.030213985983259;0.25816178570643933;0.11280949974734715;0.2733594041786585
448;0.18971483182107785;0.13559768877562228;0.030213985983259;0.25852428762879803;0.11204055627567722;0.2739086495155656
449;0.18989608278225717;0.13557022650877695;0.030213985983259;0.2587110310433464;0.1119307072082958;0.2736779664740646
450;0.18968187710086343;0.13578992464353978;0.030213985983259;0.25823868005360634;0.1121943449700112;0.27388118724872024
451;0.19067601116066524;0.13518026231957292;0.030213985983259;0.25983698398400595;0.11109585429619702;0.27299690225629986
452;0.19070896588087968;0.13530109629369247;0.030213985983259;0.2597765669969462;0.11103543730913724;0.27296394753608544
453;0.19068150361403433;0.1353889755475976;0.030213985983259;0.25978205945031524;0.11095305050860119;0.2729804248961926
454;0.19069798097414153;0.13546586989476458;0.030213985983259;0.2596941801964101;0.1109860052288156;0.27294197772260914
455;0.19065953380055803;0.13547136234813367;0.030213985983259;0.25974361227673176;0.11095854296197025;0.27295296262934726
456;0.19065404134718897;0.13544390008128832;0.030213985983259;0.25968868774304105;0.1110628995759826;0.2729364852692401
457;0.19063756398708176;0.1355043170683481;0.030213985983259;0.2596996726497792;0.11099149768218468;0.27295296262934726
458;0.19060460926686731;0.1354823472548718;0.030213985983259;0.2597271349166246;0.11099149768218468;0.2729804248961926
459;0.19050574510622406;0.1355262868818244;0.030213985983259;0.2597930443570534;0.11097502032207747;0.2729859173495617
460;0.1904178658523189;0.135575718962146;0.030213985983259;0.25975459718346994;0.11101895994903004;0.27301887206977615
461;0.19040688094558078;0.13562515104246764;0.030213985983259;0.25971065755651734;0.11100797504229189;0.27303534942988333
462;0.1903025243315684;0.13571303029637277;0.030213985983259;0.25971065755651734;0.11102445240239911;0.27303534942988333
463;0.1903025243315684;0.13569655293626556;0.030213985983259;0.25971065755651734;0.11102994485576817;0.27304633433662145
464;0.19025858470461585;0.1356745831227893;0.030213985983259;0.2597161500098864;0.11106839202935168;0.27306830415009775
465;0.19014873563723445;0.1357075378430037;0.030213985983259;0.2596941801964101;0.11113430146978052;0.27310125887031217
466;0.1901542280906035;0.13563064349583673;0.030213985983259;0.25965024056945757;0.1111947184568403;0.2731561834040029
467;0.19013225827712724;0.13569655293626556;0.030213985983259;0.2596227783026122;0.11117824109673309;0.2731561834040029
468;0.19018718281081792;0.13564162840257485;0.030213985983259;0.259606300942505;0.1111947184568403;0.2731561834040029
469;0.1901761979040798;0.13559219632225322;0.030213985983259;0.259606300942505;0.11126062789726915;0.2731506909506338
470;0.1901212733703891;0.13562515104246764;0.030213985983259;0.2596447481160885;0.11124964299053101;0.27314519849726476
471;0.19022562998440143;0.1356361359492058;0.030213985983259;0.25963925566271945;0.11117274864336402;0.27311224377705035
472;0.190192675264187;0.1356361359492058;0.030213985983259;0.259606300942505;0.11122218072368566;0.2731287211371575
473;0.19020915262429422;0.1355372717885625;0.030213985983259;0.25959531603576685;0.11131005997759079;0.27313421359052664
474;0.1901542280906035;0.135575718962146;0.030213985983259;0.25957334622229056;0.11134301469780522;0.2731397060438957
475;0.19012676582375815;0.13564162840257485;0.030213985983259;0.25952391414196896;0.11135399960454335;0.2731397060438957
476;0.1901542280906035;0.13556473405540787;0.030213985983259;0.2594744820616473;0.11144187885844849;0.2731506909506338
477;0.1901212733703891;0.13560867368236043;0.030213985983259;0.2594744820616473;0.11146384867192477;0.2731177362304194
478;0.19017070545071071;0.13560318122899137;0.030213985983259;0.2594360348880638;0.11148032603203199;0.2730957664169431
479;0.1900993035569128;0.13561416613572952;0.030213985983259;0.2594415273414329;0.11152975811235363;0.27310125887031217
480;0.1900993035569128;0.13565810576268209;0.030213985983259;0.25941406507458753;0.11150778829887734;0.2731067513236813
481;0.19001691675637675;0.13577344728343257;0.030213985983259;0.2594195575279566;0.11144187885844849;0.27313421359052664
482;0.19008831865017467;0.1357679548300635;0.030213985983259;0.25937012544763494;0.11141441659160314;0.27314519849726476
483;0.1900993035569128;0.13572950765648;0.030213985983259;0.2593591405408968;0.11141441659160314;0.27318364567084824
484;0.1900993035569128;0.13569655293626556;0.030213985983259;0.25930970846057516;0.11146384867192477;0.27321660039106266
485;0.1901212733703891;0.13575147746995628;0.030213985983259;0.2592657688336226;0.11149131093877013;0.2731561834040029
486;0.19011028846365094;0.13575147746995628;0.030213985983259;0.25932069336731334;0.11144737131181756;0.2731561834040029
487;0.19011578091702003;0.1357844321901707;0.030213985983259;0.25932069336731334;0.111403431684865;0.27316167585737194
488;0.19012676582375815;0.13577893973680163;0.030213985983259;0.259375617901004;0.11133202979106707;0.2731726607641101
489;0.19014873563723445;0.13580090955027793;0.030213985983259;0.25935364808752776;0.11132104488432894;0.27316167585737194
490;0.19014873563723445;0.13581738691038514;0.030213985983259;0.2593426631807896;0.111326537337698;0.2731506909506338
491;0.1901761979040798;0.13576246237669443;0.030213985983259;0.25932069336731334;0.11138146187138871;0.27314519849726476
492;0.19012676582375815;0.13572401520311092;0.030213985983259;0.25939209526111123;0.11135399960454335;0.2731891381242173
493;0.19013225827712724;0.13574049256321813;0.030213985983259;0.25940308016784935;0.11134301469780522;0.27316716831074106
494;0.1901212733703891;0.13570204538963465;0.030213985983259;0.2594195575279566;0.11137596941801964;0.27316716831074106
495;0.19006634883669837;0.135806402003647;0.030213985983259;0.2594360348880638;0.11131555243095986;0.27316167585737194
496;0.19005536392996022;0.13580090955027793;0.030213985983259;0.2593975877144803;0.11135949205791243;0.2731726607641101
497;0.19003888656985302;0.1358228793637542;0.030213985983259;0.2593866028077422;0.11139244677812685;0.27314519849726476
498;0.18997846958279324;0.13587780389744492;0.030213985983259;0.25930970846057516;0.11151877320561548;0.27310125887031217
499;0.18992903750247161;0.13589977371092118;0.030213985983259;0.259293231100468;0.11156271283256805;0.27310125887031217
500;0.18992903750247161;0.13593272843113563;0.030213985983259;0.2592822461937298;0.11155722037919898;0.273084781510205
