link_id,name,road_type,observed_traffic_volume,simulated_traffic_volume,geh,rel_error,quality
106310133,20062_A100_Süd,motorway,67467.74486975037,33800.0,149.62131105390893,0.5009801359931694,major under
145586606,21859_A113_Nord,motorway,42502.77371070045,30000.0,65.66652854658369,0.705836287396162,under
153270100,21560_A10_Ost,motorway,25214.004322836437,7100.0,142.5063036762156,0.2815895448058402,major under
169019464,20037_A100_West,motorway,34124.29618909627,20700.0,81.08116702592149,0.6066059175343305,under
169762615,20453_A100_Nord,motorway,64494.11351669996,29100.0,163.61449252828012,0.4512039690640125,major under
170046075,21553_A24_Ost,motorway,20586.875660765327,15000.0,41.88312455569386,0.72861954612118,under
183664775,21736_A115_Südwest,motorway,4268.8501439316215,16700.0,121.40567605599257,3.912060493325085,major over
196854803,20090_A100_Süd,motorway,74468.73636888823,37000.0,158.7111745445947,0.4968527976185449,major under
196854805,20089_A100_Süd,motorway,80463.9229154432,41000.0,160.13696758447088,0.5095451292262435,major under
196854806,20105_A100_Nord,motorway,81777.16705147956,35600.0,190.61210249532726,0.4353293380484731,major under
206802936,21881_A111_Nord,motorway,31686.81130963991,24300.0,44.1498402671486,0.7668805725682893,under
215668777,21867_A111_Nord,motorway,45735.12780699237,33400.0,62.01175141959567,0.7302920446828516,under
215668779,21895_A111_Süd,motorway,40920.44656026814,30800.0,53.44328945926993,0.7526799580409608,under
230013623,21587_A10_West,motorway,16908.454302323662,10100.0,58.58867273285169,0.5973343168696382,major under
231121695,21904_A111_Süd,motorway,34762.04199044391,31200.0,19.61403684361547,0.8975307034200374,ok
24159670,20494_A113_Süd,motorway,40228.11580317341,26800.0,73.35024522119105,0.6662007271512794,under
24599279,20026_A111_Nord,motorway,47464.647003083715,31900.0,78.13412067586447,0.6720791581559112,under
24599308,21908_A111_Süd,motorway,54362.08931888545,38800.0,72.10465306751713,0.7137326855191497,under
24601402,21890_A111_Nord,motorway,41037.61519157199,30100.0,57.99465734695512,0.7334734208965856,under
253770361#1,20152_A100_West,motorway,66506.01174123965,34100.0,144.48694761617534,0.5127356024997506,major under
253772080,20078_A100_Süd,motorway,69780.51157863047,33700.0,158.62016634386032,0.4829428623782154,major under
25584062,20182_A2_Ost,motorway,30098.207564485674,8500.0,155.47090970596267,0.2824088438419024,major under
259531985,20274_A10_Ost,motorway,33138.47052442621,8300.0,172.55914845838103,0.25046418463646686,major under
262556875,20258_A10_West,motorway,33476.74363898494,8500.0,172.40364422857695,0.2539076109571609,major under
262556880,20280_A10_Ost,motorway,34633.11568110672,10200.0,163.1903178905868,0.29451580660311105,major under
262929720,20192_A10_Nordost,motorway,15078.930507600417,3200.0,124.25587977097466,0.2122166421807611,major under
262929721,20189_A10_Südwest,motorway,14887.471225832931,2700.0,129.9651466664963,0.18136055204022328,major under
262931068,20198_A10_Nordost,motorway,16682.075295946855,7600.0,82.42466586022593,0.4555788093011741,major under
262931069,20195_A10_Südwest,motorway,16789.44916911076,7200.0,87.55854200208877,0.4288407515623898,major under
262936294,21744_A10_Nord,motorway,17970.9650078979,4200.0,130.79377489573722,0.23371032096240682,major under
262936297,21743_A10_Süd,motorway,17413.80860542615,4000.0,129.6343650434274,0.2297027658127354,major under
264306359,21678_A10_West,motorway,6609.416070631713,21300.0,124.35941816734933,3.222675009770446,major over
264372711,20210_A10_Nord,motorway,16807.42014748215,6700.0,93.22938771461318,0.3986334571997773,major under
28658008,20029_A111_Nord,motorway,46225.704769136886,31300.0,75.81008495844485,0.6771124454742289,under
292519061,21854_A113_Nord,motorway,33997.62475472993,30300.0,20.622455189187047,0.8912387326642431,ok
292525973,21830_A113_Süd,motorway,26743.791846125856,34000.0,41.636458376353204,1.2713230867045238,over
292525976,21826_A113_Süd,motorway,35236.67899569054,30400.0,26.69862915842689,0.8627373766897253,ok
292525978,21857_A113_Nord,motorway,35415.259718533234,28500.0,38.68309501736726,0.8047378510423744,ok
292526261,21862_A113_Nord,motorway,45393.82499530956,34700.0,53.43779790194256,0.7644211520748796,under
292526264,21824_A113_Süd,motorway,46101.41473978984,40800.0,25.432751959624714,0.8850053784745521,ok
292532871,21866_A113_Nord,motorway,46372.082796037495,31300.0,76.48139372270948,0.6749750736379387,under
292532875,21816_A113_Süd,motorway,57678.71690888045,41300.0,73.62477229387888,0.7160353456760284,under
294406531,21621_A12_Ost,motorway,2389.997551891533,7000.0,67.27960210086238,2.928873292970505,major over
297005724,21714_A115_Südwest,motorway,21246.35175123998,9300.0,96.66530412776078,0.43772220797658745,major under
30885532,21680_A13 / A113_Süd,motorway,16784.417088072572,23800.0,49.24919125482399,1.4179819218692364,major over
313175264,20476_A115_Nord,motorway,38157.62249204443,23400.0,84.11829774309264,0.6132457546294642,under
322481032,21733_A115_Nordost,motorway,3397.653805970148,16900.0,134.02978355799704,4.97402059335897,major over
322543955,20101_A100_Nord,motorway,81722.56204741185,41400.0,162.51531525062632,0.5065920470772995,major under
322543956,20069_A100_Süd,motorway,76139.74195982344,27700.0,212.58617539905865,0.36380475277439767,major under
322543961,20158_A100_West,motorway,72919.38870463807,39100.0,142.90063280582402,0.5362085543308048,major under
322543962,20124_A100_Nord,motorway,65679.51638553741,24900.0,191.6205445851485,0.37911363192502073,major under
322543970,20127_A100_Nord,motorway,61457.18000682288,26300.0,167.83699718803953,0.4279402341122749,major under
322543975,20454_A100_Nord,motorway,78130.49025137808,41000.0,152.13677883723997,0.5247631221573812,major under
322779843,20490_A100_Ost,motorway,46849.75120897071,31600.0,76.99844790747424,0.6744966447964678,under
322779846,20145_A100_Ost,motorway,60514.91942151091,37400.0,104.46791962189954,0.6180294108878153,under
334005607,20095_A100_Süd,motorway,79178.51221288367,40100.0,160.01913266948316,0.5064505366327793,major under
334005614,20103_A100_Nord,motorway,73170.18691020341,34600.0,166.1565335955642,0.4728701874502812,major under
334018082,20085_A100_Süd,motorway,83262.36659976126,37400.0,186.71772182557783,0.4491825241982401,major under
355143719,21554_A24_West,motorway,23377.083117338472,14600.0,63.694862782370734,0.6245432728590238,under
406660766,21588_A10_Südost,motorway,16506.486390279897,7000.0,87.68820287215894,0.4240757139037209,major under
4067952,20013_A100_Ost,motorway,33742.48069507132,18500.0,94.31021958421812,0.548270299601957,major under
427577078,20094_A100_Süd,motorway,78012.77488610393,44800.0,134.02887974955254,0.5742649209107934,major under
429447291,20425_A100_Süd,motorway,77466.30423040314,43300.0,139.040113479956,0.5589527011798,major under
434584655,20515_A100_West,motorway,6728.434761863583,4600.0,28.280715123513612,0.6836656908784432,under
4389158,20118_A100_Nord,motorway,67125.21812628872,24100.0,201.45619332802642,0.3590304906668385,major under
4396831,20028_A111_Süd,motorway,45860.11404087136,33900.0,59.89043057682088,0.7392044417898244,under
4446340,20431_A100_Süd,motorway,82336.7363592624,43800.0,153.45079216137606,0.5319618184632205,major under
4446448,20429_A100_Süd,motorway,77300.76084617944,43200.0,138.92620495132067,0.5588560775742369,major under
44562290,21738_A10_Nord,motorway,18382.7515536185,5200.0,121.40143696613353,0.28287386601688697,major under
4500169,20121_A100_Nord,motorway,73318.44276532542,36500.0,157.12408925319178,0.4978283583685439,major under
4537044,21871_A111_Nord,motorway,42537.890591960495,31900.0,55.14085404936835,0.7499196494249525,under
462324784,20058_A100_Süd,motorway,76860.25369039486,39400.0,155.37104219097637,0.5126186566949072,major under
463150094,20027_A111_Nord,motorway,63085.04903470933,39000.0,106.60595420925928,0.6182130409146903,under
4675426,20066_A100_Süd,motorway,68314.22058230007,34300.0,150.1660462295689,0.5020916539430882,major under
4706384,21731_A115_Nordost,motorway,32336.728295412882,20300.0,74.19574697556511,0.6277691365233029,under
4706698,20428_A100_Süd,motorway,69372.50713267438,36800.0,141.37094116409654,0.5304695119295644,major under
81629728,10000_A115_Südwest,motorway,25299.957833333337,17400.0,54.066225068246546,0.6877481818200921,under
83708562,21821_A113_Süd,motorway,41849.668929421096,34800.0,36.01045244822399,0.8315477969178139,ok
83917718,20509_A113_Nordwest,motorway,46693.68647779658,22600.0,129.4408687843426,0.48400547707336355,major under
859443411,21818_A113_Süd,motorway,47883.87909536288,40400.0,35.62058575748293,0.8437077522383181,ok
860314546,21864_A113_Nord,motorway,51686.263064573366,35700.0,76.47867747827905,0.6907057675150321,under
92093054,20474_A115_Nord,motorway,36326.36662127747,22800.0,78.66934899439524,0.6276432828447351,under
120232799,20473_A115_Süd,motorway_link,3079.735854924725,3900.0,13.885107055078722,1.2663423695131555,over
120233073,20481_A115_Nord,motorway_link,4862.337145991949,2500.0,38.93579315945888,0.514156037505701,major under
138554955,20112_A100_Nord,motorway_link,21040.265971104633,5400.0,136.02734522989803,0.25665074801887094,major under
138554957,20115_A100_Nord,motorway_link,1097.0070631550593,800.0,9.643780153246077,0.7292569272062398,under
138611863,20080_A100_Süd,motorway_link,1594.2839829420907,2100.0,11.766751131966775,1.317205731518836,over
145586634,21858_A113_Nord,motorway_link,12697.218931394877,8100.0,45.08245444098853,0.63793497172614,under
145586635,21825_A113_Süd,motorway_link,16078.224864286758,10400.0,49.349544891383815,0.6468375761493836,under
146511467,21856_A113_Nord,motorway_link,2393.266492870772,1800.0,12.956526463465455,0.7521101412491943,under
149524168,21734_A115_Nordost,motorway_link,5210.691276277142,700.0,82.97341472556457,0.13433918128807773,major under
149524169,21735_A115_Südwest,motorway_link,4400.004738461538,3600.0,12.649181816225555,0.8181809370638861,ok
150537211,21751_A115_Südwest,motorway_link,11724.321658693858,6800.0,51.16703536607592,0.5799909110270479,major under
150730433,20461_A100_Nord,motorway_link,12975.103583916503,4700.0,88.0252876210765,0.36223217561252924,major under
151329679,21843_A113_Nord,motorway_link,7575.07509421555,1500.0,90.18650037578792,0.19801783894464944,major under
151495001,21672_A10_Nordost,motorway_link,8614.987907930186,2400.0,83.74584586552807,0.27858425637379886,major under
151495019,21674_A10_Nordwest,motorway_link,15103.772498081522,10200.0,43.59660536091902,0.6753279686446285,under
151495027,21675_A10_Südwest,motorway_link,8701.230518401146,1100.0,108.58219066135756,0.12641890105930964,major under
151820516,20487_A115_Nord,motorway_link,1783.4422412287704,200.0,50.281409696641006,0.11214268417361382,major under
153858371,21718_A115_Südwest,motorway_link,1395.777856118016,700.0,21.493788788765354,0.5015124698616894,major under
159259702,21624_A12_West,motorway_link,2185.328884984834,1900.0,6.313166229876141,0.8694343506163767,ok
16867992,21891_A111_Nord,motorway_link,2470.643211766181,3300.0,15.439893122746343,1.3356845635517478,over
169201615,20088_A100_Süd,motorway_link,10888.662955116602,3600.0,85.63448906762596,0.3306191049203478,major under
169762617,20442_A100_Süd,motorway_link,8467.918407535615,7400.0,11.989279669252069,0.8738865496642867,ok
176634562,21589_A10_Nord,motorway_link,8198.201171177468,4700.0,43.560735656924976,0.5732964953975338,major under
183588755,20019_A100_Nordwest,motorway_link,9767.460985403955,3000.0,84.70099046458843,0.30714225574927423,major under
183596330,20018_A100_Ost,motorway_link,2506.163354766864,600.0,48.36853884764255,0.2394097730536065,major under
183659314,21749_A115_Nord,motorway_link,3796.908594771239,2600.0,21.16366657777363,0.684767603723852,under
19791220,21820_A113_Süd,motorway_link,8799.159065366557,5600.0,37.70355208017053,0.6364244535641559,under
206579084,21828_A113_Süd,motorway_link,2893.3536025545804,3600.0,12.401739945748984,1.2442309148876625,over
206579088,21861_A113_Nord,motorway_link,7400.335177214807,4700.0,34.71634308590375,0.6351063684886897,under
215668793,21894_A111_Süd,motorway_link,1569.7062138162262,1700.0,3.222436260913771,1.0830052050740164,ok
215668794,21886_A111_Nordwest,motorway_link,8261.329856341632,5800.0,29.354292641009888,0.7020661444171431,under
24601122,21910_A111_Süd,motorway_link,4691.427145977012,8600.0,47.945450282791086,1.8331308858488113,major over
24844237,20437_A100_Süd,motorway_link,2005.090573935899,2600.0,12.397860911393924,1.296699527591076,over
24911057#0,20068_A100_Süd,motorway_link,5998.491737424974,2200.0,59.32793089004113,0.36675886144412917,major under
27077898#0,21822_A113_Süd,motorway_link,5252.714756381579,6000.0,9.962601274736572,1.1422664809107588,ok
28166857,21671_A10_Südost,motorway_link,6899.577121160419,2000.0,73.4495112780387,0.28987283783902773,major under
288313549,21591_A10_Nord,motorway_link,9171.867852801102,4600.0,55.095007091863124,0.5015336105824021,major under
291788993,21754_A115_Nord,motorway_link,5903.716812889508,7300.0,17.18463870614664,1.236509174027793,over
322543974,20117_A100_Nord,motorway_link,6604.237251103982,5300.0,16.905219385500608,0.8025150821336768,ok
322543978,20488_A115_Nord,motorway_link,9744.794952278888,3300.0,79.80047450867502,0.3386423230206883,major under
334005618#0,20104_A100_Nord,motorway_link,16003.419232214403,2600.0,138.97420967439965,0.16246528084237635,major under
341989111,20075_A100_Süd,motorway_link,10391.91827496594,7700.0,28.303136118107346,0.7409604075264187,under
407967885,20463_A100_Nord,motorway_link,18810.048231944602,11900.0,55.76424509167374,0.6326405893946911,under
407967886,20462_A100_Nord,motorway_link,8992.842092107032,6700.0,25.884414238920954,0.7450369895720235,under
427577085,20134_A100_Ost,motorway_link,3404.4459516233483,3500.0,1.626296294253959,1.0280674299825758,ok
427691675,20093_A100_Süd,motorway_link,9209.821765643366,7800.0,15.28724857988777,0.8469219273164859,ok
428725178,20466_A100_Nord,motorway_link,9997.314021475462,7500.0,26.6994589280012,0.7502015025124824,under
4354349,10001_A115_Nordost,motorway_link,33099.984484374996,9200.0,164.33970868947543,0.2779457496224176,major under
4388101,20015_A100_Südost,motorway_link,9257.366654802576,7000.0,25.037559999338253,0.7561545589607289,under
4388102#0,20014_A100_Nordwest,motorway_link,10171.089642371478,7500.0,28.4165791963131,0.7373841214372887,under
4388956#0,20482_A115_Nord,motorway_link,15753.596612910325,5000.0,105.56551081889221,0.3173878399236413,major under
4388960,20472_A115_Süd,motorway_link,26340.18803021535,5000.0,170.47568361688386,0.1898240055942046,major under
4389160,20489_A100_Nord,motorway_link,4276.286218307133,7000.0,36.273830622415886,1.6369343964939542,major over
4389574,20441_A100_Süd,motorway_link,12515.244905461173,7800.0,46.785171007404,0.6232399013299675,under
4392638,20480_A115_Nord,motorway_link,2883.823298860537,1900.0,20.116134757991592,0.6588475794445285,under
4392641,20459_A100_Nord,motorway_link,11269.093433050395,8200.0,31.106578403759766,0.7276539189879064,under
4395533,20126_A100_Nord,motorway_link,4399.833680079052,3600.0,12.646612353977458,0.8182127466089397,ok
4395534,20067_A100_Süd,motorway_link,4882.5954997518775,3200.0,26.46788862522784,0.6553891265747115,under
4396104,20438_A100_Süd,motorway_link,12021.774871931035,11300.0,6.68399254458212,0.9399610390628537,ok
4397803,20120_A100_Nord,motorway_link,6303.784182817327,3600.0,38.42257234284907,0.5710855409378982,major under
4397826,20011_A100_Ost,motorway_link,10790.813714987835,4000.0,78.96611668992516,0.3706856689078252,major under
4400630,20469_A115_Süd,motorway_link,9010.413617648626,4500.0,54.877844537490056,0.49942213431644084,major under
4401025,20079_A100_Süd,motorway_link,3077.935280869603,1100.0,43.27591119137305,0.35738243322946645,major under
4401026,20077_A100_Süd,motorway_link,11321.982985487872,7100.0,43.99094466809105,0.6270986283145396,under
4401029,20113_A100_Nord,motorway_link,8888.230663381633,900.0,114.18616759804429,0.10125749815515975,major under
4409885,21896_A111_Südost,motorway_link,9955.83553228344,8300.0,17.331307923046836,0.8336819117879037,ok
4409964,21877_A111_Nord,motorway_link,10808.182596750048,7600.0,33.44018101360595,0.7031709477489094,under
4432668,20025_A111_Nord,motorway_link,15754.310204379652,7100.0,80.958675960559,0.45067031865515894,major under
4434338,20439_A100_Süd,motorway_link,6127.534162087676,4300.0,25.30985698390812,0.701750473559983,under
4434384,20484_A115_Nord,motorway_link,493.4122072284346,1000.0,18.538725320403653,2.0267029987302907,major over
4434508#0,20464_A100_Nord,motorway_link,8223.19130126658,5500.0,32.87498703632434,0.6688400887807221,under
4434509#0,20436_A100_Süd,motorway_link,5093.110351517404,3700.0,21.010154950509396,0.7264715948865411,under
4434515#0,20435_A100_Süd,motorway_link,4401.754711369343,4600.0,2.9549782283600847,1.0450377864351703,ok
4493097,20102_A100_Nord,motorway_link,8738.154898283481,6800.0,21.98891283282653,0.7781963216669218,under
4493099,20106_A100_Nord,motorway_link,6768.251419171832,1700.0,77.88902665763212,0.25117270247741674,major under
4493101,20148_A100_West,motorway_link,6918.835351602613,2200.0,69.8843829750903,0.31797259050114746,major under
4493103,20143_A100_Ost,motorway_link,6431.68652952285,1900.0,70.2115236553534,0.29541240719344514,major under
4493111#0,20099_A100_Nord,motorway_link,7489.048767696805,5100.0,30.112274099741676,0.6809943636631522,under
4493118#0,20097_A100_Nord,motorway_link,4377.224332219339,2800.0,26.328747883273873,0.6396747773218068,under
4493120,20096_A100_Süd,motorway_link,6329.491533432242,4700.0,21.942664370027302,0.7425556974323606,under
4493124,20086_A100_Süd,motorway_link,9507.500585022779,5400.0,47.5762507306836,0.5679726182196245,major under
4495225,20468_A115_Süd,motorway_link,2673.214721220118,4100.0,24.51750066587404,1.5337338850687847,major over
459204701,20458_A100_Nord,motorway_link,3990.870515950317,3300.0,11.442527477689499,0.8268872635207998,ok
462324788,20445_A100_Süd,motorway_link,10143.913494272314,4400.0,67.35692417708196,0.43375764220430585,major under
4706700,20470_A115_Süd,motorway_link,21270.744010956863,10900.0,81.77006815617543,0.5124409373919998,major under
4773875,21717_A115_Südwest,motorway_link,3700.2615078416165,2700.0,17.681931135397413,0.7296781576864618,under
49588586,21647_A12_Ost,motorway_link,5344.197128891371,4200.0,16.563272657622953,0.7858991535499872,under
5068678,21662_A10_West,motorway_link,3999.9923809523825,2800.0,20.579711080765538,0.7000013333358728,under
5095581#0,20146_A100_Ost,motorway_link,9365.46630235476,1900.0,99.47119855421843,0.20287297382323427,major under
5363718,20136_A100_Ost,motorway_link,12067.67728716698,4300.0,85.8643022740074,0.3563237479488045,major under
5364944,20157_A100_West,motorway_link,12402.228829052287,5000.0,79.35514085261792,0.40315334194507635,major under
617342815,20081_A100_Süd,motorway_link,1981.6226885663361,600.0,38.45546522314906,0.3027821610349485,major under
62076388,20440_A100_Süd,motorway_link,13022.129613310966,6000.0,72.00360999456696,0.4607541299440698,major under
66289206,20125_A100_Nord,motorway_link,7548.371540573513,2800.0,66.01212064782037,0.3709409353990623,major under
73017984,21592_A10_West,motorway_link,9184.901634165333,4500.0,56.636268829335634,0.4899344793482845,major under
73017990,21590_A10_Südost,motorway_link,6601.59480551187,200.0,109.77357332447843,0.030295709732595825,major under
745487672,21715_A115_Nordost,motorway_link,1487.1954070116126,3000.0,31.9381930011592,2.0172197855480434,major over
745487674,21716_A115_Nordost,motorway_link,4393.495481396864,3000.0,22.91899958432904,0.6828276056508388,under
8008935,20497_A113_Süd,motorway_link,4689.958158518312,3700.0,15.284524748716304,0.7889196182442985,under
862741104,21865_A113_Nord,motorway_link,6513.706355611995,4400.0,28.613667016329902,0.6754986730725289,under
8788065,20479_A115_Nord,motorway_link,26741.738266118464,18400.0,55.52421379086886,0.6880629754466122,under
-102945288#3,20352_Heerstrasse (B2/5)_West,primary,15245.032710593814,14100.0,9.452911508801828,0.9248914231716848,ok
-110450332,10400_Potsdamer Strasse_Nord,primary,2400.0067826086956,4300.0,32.82686637066082,1.791661603275179,major over
-110785555#2,10284_Leipziger Strasse_West,primary,23100.021112903236,4400.0,159.47425466791563,0.19047601638520767,major under
-142893419,10048_Malchower Chaussee_Süd,primary,8699.994534031413,8800.0,1.0691035682742906,1.011494888367734,ok
-156579473#1,10008_Grossbeerenstrasse_Nordost,primary,14699.974572972973,7600.0,67.23874631382373,0.5170076970046724,major under
-20164470,20366_Heerstrasse (B2/5)_Ost,primary,21376.142115658127,12800.0,65.60628533844732,0.5987984141733386,major under
-323108965#3,10246_Heerstrasse_Ost,primary,15699.993492227975,8100.0,69.6690356425006,0.515923780733398,major under
-32936807#5,10535_Potsdamer Strasse_Nord,primary,13300.012404145078,2900.0,115.55564913961315,0.21804490942400825,major under
-331762097,20358_Heerstrasse (B2/5)_Ost,primary,24529.898999025736,13300.0,81.65320897522159,0.5421954652372699,major under
-340966775#7,20362_Heerstrasse (B2/5)_Ost,primary,22304.887671657707,11700.0,81.32992996425753,0.524548707540317,major under
-43660343,10386_Koepenicker Strasse_Nordost,primary,14800.001525773194,8700.0,56.27441593864493,0.5878377772360052,major under
-4396109,10531_Leipziger Platz_West,primary,22599.997658031094,6600.0,132.41692810431752,0.2920354284928271,major under
-4474789#1,20370_Heerstrasse (B2/5)_Ost,primary,20978.65462925423,14600.0,47.824377414547,0.6959454864012419,under
-4906395#0,20374_Heerstrasse (B2/5)_Ost,primary,20850.584999999985,14500.0,47.76727081129024,0.6954241331837937,under
102945288#0,20354_Heerstrasse (B2/5)_Ost,primary,17304.149012670143,12000.0,43.8193728186636,0.6934753041720554,under
1067561757,10553_Tempelhofer Damm_Nord,primary,18099.998854430367,6000.0,110.2279717031104,0.33149173368767204,major under
1083449372#0,10367_Karl-Marx-Allee_West,primary,17499.986328125,12000.0,45.28618124917508,0.68571482142899,under
1083602357#0,10318_Frankfurter Allee_Ost,primary,25200.033948186534,8100.0,132.52250371004163,0.3214281384165714,major under
1100552764#1,10112_Hauptstrasse_Südwest,primary,14300.015052631581,3100.0,120.07671334418599,0.2167829885905972,major under
1101002048#3,10014_Mariendorfer Damm_Nord,primary,21199.988958333335,5900.0,131.4381864744474,0.27830203174142765,major under
1101008029#0,10323_Koenigin-Elisabeth-Strasse_Süd,primary,11299.994703125001,8500.0,28.141009355787915,0.7522127419802537,under
1101404246#0,10473_Mollstrasse_Südost,primary,19499.993969072166,9900.0,79.1794238677891,0.5076924647105957,major under
110450332,10536_Potsdamer Strasse_Süd,primary,15700.012329842935,3800.0,120.5160714510015,0.24203802647828976,major under
1107424997#0,10041_Muellerstrasse_Süd,primary,17654.969140140547,5500.0,112.9657409243835,0.31152702428095075,major under
110785555#0,10285_Leipziger Strasse_Ost,primary,20200.01145360824,3900.0,148.48900014237532,0.1930691974584678,major under
110786129#0,10300_Leipziger Strasse_West,primary,23399.973187499992,4700.0,157.76222725149648,0.200854931000976,major under
1108492317#0,10073_Strasse des 17. Juni_Ost,primary,23099.997593750006,12800.0,76.87850181515041,0.5541126118326177,major under
1116279078#0,10021_Roedernallee_Nord,primary,12900.007429319376,4300.0,92.73624503925457,0.333333141361367,major under
1117976084,10012_Mariendorfer Damm_Süd,primary,19399.989789473682,9500.0,82.35707235818228,0.489690979381579,major under
1126244314,10156_Unter den Linden_Ost,primary,10599.996074074075,16300.0,49.14892738401411,1.5377364185886104,major over
117915138#0,10537_Hauptstrasse_Nordost,primary,16299.991850000002,2800.0,138.1439638011669,0.17177922699390796,major under
120230741#5,10039_Seestrasse_Ost,primary,18800.015666666666,11400.0,60.22045782249636,0.6063824734046764,under
142161212#0,10542_Dominicusstrasse_Nordwest,primary,18999.976250000003,2400.0,160.4781166320455,0.1263159473686184,major under
142893419,10049_Malchower Chaussee_Nord,primary,9599.980397905756,7600.0,21.56635555499307,0.7916682831621142,under
149843726#1,10179_Potsdamer Strasse_Ost,primary,14500.00225388601,6600.0,76.91321443036054,0.4551723430409258,major under
153021545,10230_Adlergestell_Nord,primary,10800.015347368419,6000.0,52.3724371881648,0.5555547660829934,major under
156350680#11,10013_Lichtenrader Damm_Nord,primary,19600.006288770055,5600.0,124.7219533548281,0.28571419404128223,major under
168515533#0,10157_Leipziger Strasse_West,primary,24499.968264248706,6800.0,141.48667380008774,0.27755137993067613,major under
172655510#0,10540_Dominicusstrasse_Nordwest,primary,14000.007000000001,3900.0,106.76037047886982,0.2785712892857839,major under
17267888#0,10045_Berliner Strasse_Süd,primary,9899.996071428568,5900.0,45.0034774320764,0.5959598324515931,major under
195387461,10317_Stralauer Allee_Ost,primary,17000.020858895707,5300.0,110.8023570901484,0.3117643233494408,major under
20164470,20364_Heerstrasse (B2/5)_West,primary,22557.95946585104,16800.0,41.04566667934217,0.7447482129503946,under
240526036#0,10247_Muellerstrasse (Weddingplatz)_Nordwest,primary,18599.97397927461,11700.0,56.0584806621926,0.6290331380590616,under
24912850,10182_Hofjaegerallee_Nord,primary,22699.97371578947,9700.0,102.13748109219695,0.42731327011418296,major under
25042039,10533_Potsdamer Strasse_Süd,primary,15900.010765625002,5600.0,99.34210032839243,0.35220101939219495,major under
25121294#0,10266_Potsdamer Strasse_Nordost,primary,13099.980875912408,3300.0,108.22274746258019,0.25190876469658635,major under
25205082#3,10543_Dominicusstrasse_Südost,primary,16100.00503125,3400.0,128.61793398053817,0.21118005822983427,major under
25217541#0,10248_Muellerstrasse (Weddingplatz)_Südost,primary,20200.00418652849,8500.0,97.66974074699391,0.4207919919971454,major under
25767087#0,10051_Landsberger Allee_West,primary,26199.986900000007,12000.0,102.74751678095463,0.4580154961833205,major under
25778031#1,10442_Wisbyer Strasse_West,primary,17299.97927604166,8100.0,81.63664827472462,0.46820865336049866,major under
270282145#2,10026_Adlergestell_Nordwest,primary,23800.024443243245,10500.0,101.55942238900417,0.4411760174885416,major under
28247402,10387_Landsberger Allee_West,primary,23899.948324324323,15200.0,62.22194450062151,0.6359846387002479,under
28497759#0,10541_Dominicusstrasse_Südost,primary,12200.010675,3800.0,93.91494307568665,0.31147513729532045,major under
296599839,10459_Mollstrasse_Südost,primary,8099.99015469613,10700.0,26.81706097115016,1.320989259943293,over
299056719,10267_Schoeneberger Ufer_Ost,primary,28799.950756476686,9900.0,135.8690266747406,0.3437505877600723,major under
30150687,10201_Maerkische Allee_Süd,primary,11899.994450777205,2800.0,106.14451082783535,0.23529422736975547,major under
30243829#6,10004_Berliner Strasse_West,primary,18700.02824479167,9500.0,77.4781758015657,0.5080206230515154,major under
30483116,10009_Marienfelder Allee_Südwest,primary,8399.998240837698,5900.0,29.56560081372028,0.7023810994764704,under
309600202,10121_Klingelhoefer Strasse_Süd,primary,18700.02387234042,5100.0,124.67115190819248,0.27272692456524145,major under
309600204,10120_Klingelhoefer Strasse_Nord,primary,19500.00625668449,6000.0,119.55805029065081,0.3076922089675348,major under
31065726,10202_Maerkische Allee_Nord,primary,15899.988466321243,2800.0,135.47689727956723,0.17610075667229913,major under
318658545#0,10440_Tempelhofer Damm_Nord,primary,26299.96282198952,15100.0,77.84515779618455,0.5741452983110235,major under
318665540#7,10148_Tempelhofer Damm_Süd,primary,22999.992812500008,12600.0,77.95124965200527,0.5478262581522272,major under
32035261#5,10279_Prenzlauer Promenade_Süd,primary,17200.001782383413,6700.0,96.0517770099843,0.38953484335462535,major under
327627453#1,10551_Tempelhofer Damm_Nord,primary,17800.009187096774,7600.0,90.51042911408351,0.42696607176524604,major under
32936807#0,10534_Potsdamer Strasse_Süd,primary,13299.998592592596,2800.0,117.02841406958811,0.21052633806739302,major under
331762097,20356_Heerstrasse (B2/5)_West,primary,21572.99127735587,12500.0,69.5120921823123,0.5794282229706664,major under
33301683,10283_Grunerstrasse_Nordost,primary,18299.949112299462,9400.0,75.62459044464765,0.5136626305524656,major under
337540124,10072_Strasse des 17. Juni_West,primary,23800.004932642478,11300.0,94.35645011615948,0.474789817564352,major under
338573434#0,10140_Landsberger Allee_Ost,primary,17100.009144385025,11500.0,46.82962154308175,0.6725142602497467,under
340966775#1,20360_Heerstrasse (B2/5)_West,primary,22897.761082120178,14600.0,60.600088028153586,0.6376169245385513,under
356359316#0,10530_Leipziger Strasse_Ost,primary,21399.963409326425,4900.0,143.88661867250417,0.22897235412395642,major under
36920052#0,10316_Stralauer Allee_Nordwest,primary,16899.99824870466,6300.0,98.41851668812134,0.3727811037189236,major under
37289167#2,10532_Potsdamer Strasse_Ost,primary,20399.94743558282,6500.0,119.85397442831494,0.31862827198575555,major under
375311156#0,10301_Leipziger Strasse_Ost,primary,23200.015626943008,5100.0,152.16003867808274,0.2198274381366014,major under
377739469#0,10038_Seestrasse_West,primary,17800.002795811517,13600.0,33.519669968373236,0.7640448238131844,under
39839437#0,10242_Hallesches Ufer_Nordwest,primary,26299.995911917093,9400.0,126.49329751148214,0.3574145042258603,major under
4071971#0,10040_Muellerstrasse_Nord,primary,12900.009923076923,5200.0,80.94068513081727,0.4031004651165176,major under
414866491#0,10256_Grabbeallee_Nord,primary,9600.00502617801,2900.0,84.74908783063596,0.30208317517460287,major under
41954398#0,10135_Danziger Strasse_Ost,primary,13699.994321243525,6600.0,70.47337020271652,0.48175202450747656,major under
420497875#2,10042_Markstrasse_Süd,primary,12099.987899999998,5200.0,74.18915546348589,0.4297524958681984,major under
4395057#0,10550_Tempelhofer Damm_Süd,primary,18000.00225,5800.0,111.83723197673432,0.32222218194444946,major under
4401920#0,10116_Hallesches Ufer_West,primary,20399.977803108814,6000.0,125.33577177958946,0.2941179670835545,major under
4474789#0,20368_Heerstrasse (B2/5)_West,primary,22840.269561351215,17500.0,37.60181248993564,0.7661906070326042,under
450221283#0,10257_Grabbeallee_Süd,primary,8199.997450777202,2200.0,83.20500427992985,0.26829276633390686,major under
4594894#0,10022_Roedernallee_Süd,primary,14300.005958333335,3500.0,114.47981503853322,0.24475514277393523,major under
4613112,10453_Mollstrasse_Nordwest,primary,8299.97925,9800.0,15.767877094205991,1.1807258433808734,ok
4685636#0,10139_Petersburger Strasse_Nord,primary,13099.989712041888,3300.0,108.22281588673533,0.2519085947805398,major under
4685762#0,10142_Warschauer Strasse_Süd,primary,15199.97736170213,7100.0,76.70904780277051,0.46710595884762063,major under
4773463#1,10299_Gertraudenstrasse_Südwest,primary,34700.02517098446,9900.0,166.07320517910628,0.28530238670484315,major under
4782523#13,10171_Greifswalder Strasse_Süd,primary,11799.966191011237,7600.0,42.64423281607866,0.6440696419782448,under
4788980#0,10050_Landsberger Allee_Ost,primary,25699.970242105257,12700.0,93.81924033659831,0.4941639963144042,major under
4790801,10288_Grunerstrasse_Südwest,primary,19199.975358288768,6400.0,113.13692163677166,0.33333376114136903,major under
50339906#1,10326_Marienfelder Allee_Süd,primary,13200.006947368422,14500.0,11.046281086889039,1.0984842703352324,ok
541763974,10155_Unter den Linden_West,primary,10600.009534391535,14700.0,36.45335476703398,1.3867912054518556,over
541763977#0,10158_Leipziger Strasse_Ost,primary,25499.976093750007,7100.0,144.11978839259396,0.278431633578676,major under
593851959#7,10382_Hauptstrasse_Südwest,primary,14999.994444444445,2300.0,136.55120815656844,0.15333339012347783,major under
59636543,10319_Frankfurter Allee_West,primary,24000.00494845361,8200.0,124.52147361690805,0.3416665962199458,major under
625843709,10298_Gertraudenstrasse_Nordost,primary,35800.000000000015,10500.0,166.28191731489613,0.29329608938547475,major under
67718316#0,10227_Potsdamer Platz_West,primary,22000.03895833334,7600.0,118.36751320012253,0.3454539337132044,major under
71282500#0,10113_Hauptstrasse_Nordost,primary,13600.00431746032,3200.0,113.4733354492192,0.2352940429505372,major under
763211372#2,10225_Potsdamer Strasse_Ost,primary,15600.036317460315,5700.0,95.93158358961648,0.3653837647557451,major under
793161548#2,10265_Potsdamer Strasse_Südwest,primary,13699.986512953366,3300.0,112.80373652489284,0.24087614954071984,major under
853231955#0,10062_Am Treptower Park_Südost,primary,15200.0088,5400.0,96.56233534411457,0.3552629522161856,major under
881575686,10437_Mariendorfer Damm_Südost,primary,22199.9329375,9500.0,100.87586081517543,0.42792922063078187,major under
961540662#2,10325_Marienfelder Allee_Nord,primary,13100.01501041667,13600.0,4.327292094852321,1.0381667493652305,ok
963108061,10065_Bornholmer Strasse_Ost,primary,15199.998408376963,8100.0,65.78021725553602,0.5328947926426071,major under
96418261#0,10463_Martin-Luther-Strasse_Nord,primary,18399.992000000002,4500.0,129.90081708445825,0.24456532372405376,major under
974057300,10134_Danziger Strasse_West,primary,14300.008937499997,5700.0,86.00007015936146,0.39860114947568026,major under
977796971,10064_Puschkinallee_West,primary,21800.029535483878,8800.0,105.09895890794218,0.403669177864014,major under
980109815#4,10117_Tempelhofer Ufer_Ost,primary,21499.980963541664,5800.0,134.37947856321264,0.26976768071726576,major under
-1037060789,10167_Bahnhofstrasse_Südwest,secondary,8000.020402684563,4700.0,41.412305910135096,0.5874985016816736,major under
-137685684#2,10181_Koenigsallee_Nord,secondary,3299.9972210526325,4200.0,14.696986559529943,1.2727283444985098,over
-144884824#7,10094_Blankenburger Strasse_Nord,secondary,5699.998218749999,3200.0,37.47656149801476,0.5614036842105812,major under
-153692996,10524_Invalidenstrasse_West,secondary,7299.997338541666,5200.0,26.56310150819712,0.7123290268265787,under
-182749675#2,10092_Britzer Damm_Nord,secondary,4399.998387434557,8700.0,53.13100063155652,1.977273451927918,major over
-195418554,10278_Heinrich-Heine-Strasse_Süd,secondary,8299.991829015544,5200.0,37.73191037062987,0.6265066408645812,under
-26708272#0,10097_Mueggelheimer Damm_West,secondary,5900.002765624999,4000.0,27.005459608523573,0.6779657838984542,under
-291670881#2,10520_Invalidenstrasse_West,secondary,4500.001649214659,5600.0,15.479121512616892,1.244443988365496,over
-312651887#2,10153_Torstrasse_West,secondary,12299.999999999998,2500.0,113.92268596894289,0.20325203252032523,major under
-318138851#2,10321_Schildhornstrasse_West,secondary,15399.993616580314,6400.0,86.20431714889563,0.4155845878474571,major under
-328644719#1,10436_Karl-Marx-Strasse_Nordwest,secondary,11900.004907216493,4000.0,88.60204171052867,0.33613431516942394,major under
-338690998,10176_Fuerstenbrunner Weg_Nord,secondary,10000.0,7500.0,26.72612419124244,0.75,under
-373625581,10091_Britzer Damm_Nord,secondary,12899.984465968586,8700.0,40.41438389935771,0.6744194167792563,under
-5000363#9,10210_Brunsbuettler Damm_West,secondary,9200.001936842104,8100.0,11.827293435536317,0.8804345972540437,ok
-51218398,10138_Romain-Rolland-Strasse_West,secondary,9200.01477720207,4400.0,58.20869758503411,0.4782601013754174,major under
-53356539#4,10544_Katzbachstrasse_Nord,secondary,10299.988987421388,3800.0,77.4137725162991,0.36893243329101205,major under
-55495482#0,10245_Lennéstrasse_West,secondary,5200.006914893616,5500.0,4.101419698394126,1.0576909011884499,ok
-655368180,10274_Fennstrasse_Süd,secondary,14200.010300518134,9700.0,41.16512719336289,0.6830980960377235,under
-851251671,10305_Kochstrasse_Ost,secondary,6600.003419689118,5800.0,10.16005218913396,0.8787874234576076,ok
-966685276,10054_Storkower Strasse_Nordwest,secondary,12899.988578124996,4900.0,84.79973653595866,0.3798452975616674,major under
-993314008,10250_Baumschulenstrasse_Nordost,secondary,12200.018621052632,5900.0,66.224291409491,0.48360581924185136,major under
103633379#2,10079_Hohenzollerndamm_Nordost,secondary,16600.001720207256,2900.0,138.74530459191752,0.17469877707722264,major under
1037060789,10168_Bahnhofstrasse_Nord,secondary,5799.992701986755,3900.0,27.282315497344907,0.6724146391880936,under
104590139#0,10519_Invalidenstrasse_West,secondary,7899.995450261778,5600.0,27.994657834405626,0.7088611677383226,under
1051375258#0,10061_Falkenseer Damm_Ost,secondary,14099.992539682544,5700.0,84.42311740739143,0.40425553304075246,major under
1078768082#1,10447_Alt-Moabit_Ost,secondary,9000.008437499999,4400.0,56.1980297914287,0.4888884305559853,major under
1095684249,10273_Fennstrasse_Nord,secondary,12300.000000000002,9600.0,25.802198058644834,0.7804878048780487,under
1096342628,10435_Karl-Marx-Strasse_Süd,secondary,7499.996113989637,5900.0,19.54706645616855,0.7866670742661871,under
1100903096,10518_Hessische Strasse_Nordwest,secondary,5700.0097461139885,700.0,88.38845263661895,0.12280680756330788,major under
1101061464#0,10448_Alt-Moabit_West,secondary,9700.002526041666,3700.0,73.30169056522232,0.38144319963490564,major under
1101065275,10220_Tegeler Weg_Nord,secondary,16299.994906250002,8700.0,67.97642788120753,0.5337424980828741,major under
1101180376#0,10208_Otto-Suhr-Allee_Ost,secondary,11400.001799999998,5700.0,61.64415625183109,0.4999999210526441,major under
1101406088#0,10222_Stromstrasse_Nord,secondary,13899.991312500002,6200.0,76.80814882044191,0.4460434442447785,major under
1101407068,10270_Altonaer Strasse_Südost,secondary,10000.017098445593,7500.0,26.72629392480114,0.7499987176187732,under
1102369981,10277_Heinrich-Heine-Strasse_Nord,secondary,8599.995098445594,5000.0,43.65636093352243,0.581395680202623,major under
110450329#0,10380_Gitschiner Strasse_West,secondary,1200.0000628272248,4300.0,59.114678997521175,3.583333145724269,major over
1105526086,10407_Torstrasse_Nordwest,secondary,16300.021845360829,5900.0,98.71259033741954,0.3619627050793927,major under
110680554#0,10108_Kurfuerstendamm_Ost,secondary,17200.001782383417,6300.0,100.5559143048047,0.3662790318110656,major under
1113111974,10385_Joachimstaler Strasse_Nord,secondary,11399.99113989637,4100.0,82.92235085608073,0.3596494023272785,major under
1113400536#1,10071_Hardenbergstrasse_Nord,secondary,14000.016210526313,6500.0,74.07985057529686,0.46428517669235186,major under
1116425695#0,10251_Stubenrauchstrasse_Nordost,secondary,13699.99571875,7500.0,60.21968796352988,0.5474454265511484,major under
117915139#0,10538_Hauptstrasse_Südwest,secondary,12199.996911392402,2400.0,114.7003002351272,0.19672136127828616,major under
12620748,10100_Lindenstrasse_Ost,secondary,12700.00658031088,7600.0,50.62180714297568,0.5984248867856856,major under
137071146#0,10080_Hohenzollerndamm_West,secondary,12499.996093750002,1700.0,128.17239035562392,0.13600004250001327,major under
137715198,10261_Hermannstrasse_Nord,secondary,12999.983072916672,4200.0,94.89270458311277,0.32307734375054764,major under
144884824#7,10093_Blankenburger Strasse_Süd,secondary,5900.001536458334,2300.0,56.22257300805106,0.38983040695624105,major under
147150379,10280_Tiergartenstrasse_Ost,secondary,9300.003373056994,10000.0,7.125777420328611,1.075268427210571,ok
152696626#0,10131_Schoenhauser Allee_Süd,secondary,7400.005010416667,2400.0,71.42862474640513,0.32432410472987844,major under
153653007,10244_Von-der-Heydt-Strasse_West,secondary,19100.00431638418,7200.0,103.77296053186785,0.37696326559590176,major under
154483993#2,10115_Goebenstrasse_Ost,secondary,7599.990549222798,1700.0,86.52170323191106,0.2236844886831929,major under
156132845#0,10118_Reichpietschufer_West,secondary,15199.97693793104,4600.0,106.53383867767583,0.30263203811321926,major under
156132846#3,10119_Schoeneberger Ufer_Ost,secondary,11299.990433862433,3900.0,84.88373851182801,0.34513303553894664,major under
157708188,10402_Spaethstrasse_West,secondary,11399.992948453608,8000.0,34.52170429094288,0.7017548200400587,under
182944199#1,10549_Manteuffelstrasse_Nord,secondary,13700.001723270443,2900.0,118.54541355102927,0.21167880549052343,major under
188308863,10312_Lindenstrasse_Süd,secondary,13599.993591623039,5000.0,89.17779465754236,0.367647232060445,major under
19875859,10403_Spaethstrasse_Ost,secondary,9799.987555555554,6900.0,31.736063638088602,0.7040825267261112,under
206579071,10404_Stubenrauchstrasse_Südwest,secondary,2000.0005235602098,9500.0,98.90706185339084,4.749998756544827,major over
22917233,10406_Stubenrauchstrasse_Nordost,secondary,9899.988596858639,12000.0,20.068490465214634,1.2121226082833787,over
23213546#0,10199_Beusselstrasse_Süd,secondary,21100.001241176473,8900.0,99.61259094673265,0.4218009230554795,major under
24214483,10472_Oberbaumstrasse_West,secondary,11400.001772020725,8900.0,24.81459985500185,0.7807016330333795,under
24561168,10164_Jafféstrasse_Südost,secondary,9499.991492537312,2300.0,93.73593893893525,0.24210547996877235,major under
259176003#0,10209_Otto-Suhr-Allee_West,secondary,12500.018421052631,4700.0,84.10971669762012,0.37599944589555345,major under
26401499,10144_Antonienstrasse_Süd,secondary,9699.983917098447,6500.0,35.55539450584853,0.6701042038371072,under
26708088,10103_Edisonstrasse_Süd,secondary,8199.98512953368,6300.0,22.314205138951586,0.768294076206242,under
26708272#0,10098_Mueggelheimer Damm_Ost,secondary,5899.995697916667,4100.0,25.455788757716572,0.694915760946697,under
26715381#0,10195_Weissenseer Weg_Süd,secondary,12400.00194764398,8700.0,36.0226536792538,0.7016127930248441,under
27942931#0,10106_Rhinstrasse_Süd,secondary,12700.009921874998,9400.0,31.39308595427097,0.7401569020673809,under
28497536#0,20110_A100_Nord,secondary,12902.419950854364,4200.0,94.10793671814456,0.3255203299844451,major under
28661790#0,10078_Siemensdamm_West,secondary,21500.00562827225,11900.0,74.28706761705625,0.5534882272008173,major under
291670881#0,10523_Invalidenstrasse_Ost,secondary,9000.004736842104,6000.0,34.64106537807736,0.6666663157896585,under
29887240#4,10086_Buckower Chaussee_Ost,secondary,11699.993906249996,1900.0,118.84240899508322,0.16239324697297858,major under
30081257#0,10394_Neukoellner Strasse_Südost,secondary,10299.993528795812,5500.0,54.00415749695321,0.5339809180096653,major under
30244894#0,10548_Manteuffelstrasse_Süd,secondary,13799.98965,3100.0,116.40057779939109,0.22463784963780753,major under
303240827#0,10379_Bundesallee_Süd,secondary,10100.011464864867,3500.0,80.03686155817729,0.3465342601021323,major under
31099515#1,10206_Darsser Strasse_West,secondary,9699.988588235294,1900.0,102.4189181652583,0.19587651910275747,major under
31102013#3,10396_Neukoellner Strasse_Nordwest,secondary,12800.02077486911,5500.0,76.31559639520228,0.4296868026025717,major under
312654701#1,10408_Torstrasse_Südost,secondary,18400.037375,2400.0,156.89313364396332,0.13043451766358166,major under
31513648#2,10207_Darsser Strasse_Ost,secondary,9200.00049197861,3000.0,79.38287025693474,0.3260869390839349,major under
318888124#0,10464_Lietzenburger Strasse_Ost,secondary,15799.99104123711,2900.0,133.40856332596775,0.18354440786903986,major under
327462540#0,10254_Kantstrasse_West,secondary,11699.973326424873,1900.0,118.84224934544315,0.16239353261676004,major under
32880569,10109_Lietzenburger Str_Ost,secondary,2900.002594736842,3600.0,12.278764304821843,1.2413781996380173,over
32909214#0,10070_Hardenbergstrasse_Süd,secondary,12000.013894736841,5700.0,66.9683658489042,0.47499945000063687,major under
32909627#1,10255_Kantstrasse_Ost,secondary,12399.99421761658,1800.0,125.79881275755879,0.14516135801440563,major under
32977538#0,10224_Spandauer Damm_Ost,secondary,16100.025287958115,8400.0,69.57030109851856,0.5217383109505246,major under
329869879#0,10378_Bluecherstrasse_West,secondary,8399.995647668395,6500.0,22.01276175204744,0.7738099247473086,under
330951955#0,10077_Siemensdamm_Ost,secondary,19600.01847120418,13000.0,51.69531973152514,0.6632646810562577,under
335195667,10066_Ollenhauer Strasse_Süd,secondary,14999.994101123599,6100.0,86.64899894656511,0.4066668265918231,major under
338690998,10175_Fuerstenbrunner Weg_Süd,secondary,11900.006889473681,9300.0,25.25349523439356,0.7815121525876129,under
34059285,10409_Waterloo-Ufer_Ost,secondary,21900.010212435234,6700.0,127.108848227857,0.3059359303949372,major under
35372734#0,10514_Julie-Wolfthorn-Strasse_Ost,secondary,5299.99722513089,5300.0,3.8115763572296304E-5,1.0000005235604836,ok
36072975#0,10320_Schildhornstrasse_Ost,secondary,15300.031078124997,2500.0,135.6799396223172,0.16339836090753695,major under
37294340,10243_Schoeneberger Ufer_Ost,secondary,16799.99738860103,3300.0,134.6637430733623,0.19642860196151482,major under
39965422#0,10067_Ollenhauer Strasse_Nord,secondary,12900.016041450777,4500.0,90.05758339573454,0.3488367755156617,major under
39981760,10019_Gradestrasse_Ost,secondary,12699.997354166664,6300.0,65.66259195967473,0.4960630954724626,major under
40155255#2,10178_Blumberger Damm_Süd,secondary,11700.01138378378,7700.0,40.61395027416815,0.658119017787641,under
42108305#1,10330_Saatwinkler Damm_Südost,secondary,15258.063972383636,2600.0,133.95690253359905,0.1704016974044594,major under
425498706#0,10253_Falkenberger Chaussee_Südwest,secondary,12300.011471502596,6500.0,59.82253235108276,0.5284547916934541,major under
42732331#0,10264_Brunnenstrasse_Süd,secondary,9899.99897409327,5200.0,54.09091176958439,0.525252579682844,major under
431551305#3,10017_Buschkrugallee_Nord,secondary,12900.042669230766,2400.0,120.0493300482831,0.18604589624532714,major under
43336764#1,10003_Clayallee_Süd,secondary,9600.016083769633,5900.0,42.029336627500044,0.6145823036666466,under
43796424#0,10107_Rhinstrasse_Nord,secondary,16800.01305699482,10600.0,52.97027371084314,0.6309518905752639,under
4395589#0,10240_Hohenzollerndamm_West,secondary,12500.0,4800.0,82.79091290785243,0.384,major under
4410448#0,10200_Beusselstrasse_Nord,secondary,20500.01297468354,8700.0,97.65758053781651,0.4243899753011889,major under
443417151#0,10525_Invalidenstrasse_Ost,secondary,5100.001378378378,5400.0,4.140374060863204,1.0588232432433207,ok
4436880#3,10390_Lietzenburger Strasse_Südwest,secondary,15700.022895833335,4700.0,108.91639530910913,0.2993626207543521,major under
4442095,10212_Bundesallee_Nord,secondary,12700.005375661378,3400.0,103.65379014921012,0.26771642211395036,major under
4442098,10213_Bundesallee_Süd,secondary,12000.008888888888,4600.0,81.22562821344872,0.38333304938292645,major under
4484023#0,10331_Saatwinkler Damm_Nordwest,secondary,15300.008181818184,5100.0,100.99511014266442,0.3333331550803092,major under
4484043,10219_Tegeler Weg_Süd,secondary,17500.023697916666,10100.0,62.993157962618504,0.5771420755962965,major under
4619363#2,10377_Bluecherstrasse_Ost,secondary,9100.006705263158,5200.0,46.12243537186025,0.57142815037625,major under
4632777#0,10271_Prinzenallee_Nord,secondary,9900.0061875,6800.0,33.92495204844231,0.686868257576026,under
4686099#0,10471_Oberbaumstrasse_Ost,secondary,11099.986196891192,7000.0,43.09811449898002,0.6306314148354988,under
4887463#0,10306_Kochstrasse_West,secondary,5799.992487046631,5500.0,3.9910420073301554,0.9482770904071657,ok
490373684#2,10223_Spandauer Damm_West,secondary,16699.998251308898,6200.0,98.12654324273811,0.37125752390507355,major under
5000363#7,10211_Brunsbuettler Damm_Ost,secondary,9100.003352631576,7700.0,15.27528737255012,0.8461535344130705,ok
52158844#1,10114_Goebenstrasse_West,secondary,7999.992879581154,2600.0,74.17463163876695,0.3250002892672731,major under
53256982#0,10513_Julie-Wolfthorn-Strasse_West,secondary,5099.99332460733,4800.0,4.263920884755238,0.9411777024962229,ok
53356539#3,10545_Katzbachstrasse_Süd,secondary,10299.998056603772,6500.0,41.46138033873935,0.6310680802344978,under
5364049#0,10005_Teltower Damm_Nord,secondary,9899.986380952383,8200.0,17.86986682443456,0.8282839677210906,ok
58718433#5,10180_Koenigsallee_Süd,secondary,4999.992894736842,5700.0,9.570303297051693,1.1400016200023022,ok
62076385,20443_A100_Süd,secondary,8962.993050569126,11000.0,20.388941541526464,1.2272686074772232,over
624116240,10161_Hansastrasse_Nord,secondary,9500.007875647667,4300.0,62.60072055317119,0.4526312037090649,major under
626859099,10221_Stromstrasse_Süd,secondary,13799.987062500002,4300.0,99.86168262679375,0.31159449501838976,major under
67557408#3,10539_Hauptstrasse_Nordost,secondary,11600.003717948717,3700.0,90.32261970890954,0.31896541500887454,major under
73310501#0,10154_Torstrasse_Ost,secondary,10099.995132530119,1600.0,111.13243605584306,0.15841591792917914,major under
746687703,10111_Lietzenburger Str_West,secondary,10300.01150531915,4000.0,74.50546798703787,0.38834908076892083,major under
82121196,10487_Waltersdorfer Chaussee_Süd,secondary,7300.013307291665,5000.0,29.328682624045975,0.6849302582785319,under
823947554,10445_Neue Kantstrasse_Ost,secondary,13499.985157068064,4200.0,98.85776831388866,0.311111453170824,major under
823947556#0,10446_Neue Kantstrasse_West,secondary,13399.997208333334,4000.0,100.77855642943148,0.2985075248756348,major under
825937639#0,10547_Boelckestrasse_Nord,secondary,11999.996981132079,2800.0,106.94780345816366,0.23333339203355768,major under
825937641#0,10546_Boelckestrasse_Süd,secondary,13299.990025,3200.0,111.1972640685322,0.24060168421066166,major under
832298077,10313_Lindenstrasse_Nordost,secondary,11999.995625,5100.0,74.62181595148965,0.42500015494797316,major under
840401536#0,10241_Hohenzollerndamm_Ost,secondary,13099.997256544502,4800.0,87.73370387261755,0.36641229047601626,major under
860638039#0,10262_Hermannstrasse_Süd,secondary,14500.009817708331,3200.0,120.11771582837048,0.22068950574722765,major under
865069698,10151_Sonnenallee_Ost,secondary,13700.003624338626,2600.0,122.95445466514255,0.18978097169120392,major under
966158287,10087_Marienfelder Chaussee_West,secondary,12000.010569948186,2000.0,119.52294214880311,0.16666651986196004,major under
970998067,10018_Gradestrasse_West,secondary,14100.013953124999,7500.0,63.508643362276544,0.5319143672434288,major under
993314007,10249_Baumschulenstrasse_Südwest,secondary,15399.999999999998,5500.0,96.84496563281465,0.3571428571428572,major under
-1067724388,10310_Silbersteinstrasse_West,tertiary,6100.00454255319,1600.0,72.5241185796501,0.2622948866412338,major under
-1101061556#1,10399_Paulstrasse_Nord,tertiary,6600.001367875648,1400.0,82.2192337632857,0.21212116815827572,major under
-30958680#1,10083_Ringstrasse_West,tertiary,7400.001180851062,3200.0,57.6914498652424,0.4324323634272682,major under
-37036260#2,10388_Leibnizstrasse_Nord,tertiary,7100.003053763439,5400.0,21.503524089869728,0.7605630531577965,under
-37077531,10482_Dammweg_Nordost,tertiary,8000.0016580310885,4900.0,38.599532158922145,0.6124998730570211,under
-4597200,10515_Zinnowitzer Strasse_West,tertiary,1499.9989175257733,2000.0,11.952313817723322,1.3333342955333403,over
-66071366#0,10296_Franzoesische Strasse_West,tertiary,4499.985703124999,3700.0,12.493688562924346,0.8222248344990403,ok
1021196045,10529_Invalidenstrasse_Ost,tertiary,4599.994279792744,1800.0,49.497395683079915,0.3913048344227724,major under
1121917418#0,10483_Dammweg_Südwest,tertiary,8199.991077720208,6300.0,22.314270420013827,0.7682935188938705,under
156341117,10126_Spreeweg_Süd,tertiary,13200.959035394659,6800.0,64.00805572256891,0.5151140899511704,major under
28961510#1,10311_Silbersteinstrasse_Ost,tertiary,6800.001752577318,1700.0,78.23044768074647,0.24999993556702696,major under
30958680#1,10082_Ringstrasse_Ost,tertiary,8100.0064627659585,3600.0,58.834908788890715,0.4444440898347982,major under
433867834,10127_Spreeweg_Nord,tertiary,11799.991305263162,3600.0,93.4475999911291,0.30508497056216377,major under
438607979#0,10528_Invalidenstrasse_West,tertiary,3700.0030204081627,2100.0,29.711302459671472,0.5675671042474826,major under
4444427#0,10324_Paulsborner Strasse_Südwest,tertiary,4800.00335483871,3400.0,21.86437458553409,0.7083328382619947,under
4490162,10389_Leibnizstrasse_Süd,tertiary,8199.997041237115,5500.0,32.62256081346533,0.6707319493337558,under
66071366#0,10297_Franzoesische Strasse_Ost,tertiary,4299.9950984455945,5200.0,13.058646990031509,1.2093037040623018,over
166260138#0,20382_B96 (TTS)_Nord,trunk,10290.982013488016,6500.0,41.37411083508946,0.631620965956474,under
166260140,20414_B96 (TTS)_Süd,trunk,11523.95800999431,4300.0,81.21432701236301,0.3731356879529382,major under
168934832,20402_B96 (TTS)_Süd,trunk,16190.882397088499,6600.0,89.84480977194472,0.40763683152851726,major under
190130433,10023_Prenzlauer Promenade_Nord,trunk,21900.008612359554,13600.0,62.29874696471564,0.6210043219948628,under
291788987,21725_A115_Nordost,trunk,21967.05444525292,19400.0,17.849365337608287,0.8831407072964368,ok
435042786,20417_B96 (TTS)_Süd,trunk,10520.085024429942,4300.0,72.25800577692259,0.4087419436263546,major under
4401925#0,20421_B96 (TTS)_Süd,trunk,10274.444574103929,4900.0,61.700997390671866,0.4769114247158559,major under
4411244,20386_B96 (TTS)_Nord,trunk,24705.650657276026,5100.0,160.60052264649923,0.20643050736645976,major under
4412687,20397_B96 (TTS)_Nord,trunk,16104.536037014546,3400.0,128.64887574628247,0.21112064279191062,major under
4412690,20391_B96 (TTS)_Nord,trunk,12299.611332325037,3400.0,100.44806793282932,0.2764314991860224,major under
48859721,20408_B96 (TTS)_Süd,trunk,27042.447958023888,9200.0,132.54418362821855,0.3402058872140762,major under
4776200#0,10205_A114_Süd,trunk_link,22623.629850334633,4800.0,152.21192662040633,0.21216754480842082,major under
